Series,Name,Code,Note
Season 1: Indigo League,Pokémon - I Choose You!,EP001,
Season 1: Indigo League,Pokémon Emergency!,EP002,
Season 1: Indigo League,Ash Catches a Pokémon,EP003,
Season 1: Indigo League,Challenge of the Samurai,EP004,
Season 1: Indigo League,Showdown in Pewter City,EP005,
Season 1: Indigo League,Clefairy and the Moon Stone,EP006,
Season 1: Indigo League,The Water Flowers of Cerulean City,EP007,
Season 1: Indigo League,The Path to the Pokémon League,EP008,
Season 1: Indigo League,The School of Hard Knocks,EP009,
Season 1: Indigo League,Bulbasaur and the Hidden Village,EP010,
Season 1: Indigo League,Charmander - The Stray Pokémon,EP011,
Season 1: Indigo League,Here Comes the Squirtle Squad,EP012,
Season 1: Indigo League,Mystery at the Lighthouse,EP013,
Season 1: Indigo League,Electric Shock Showdown,EP014,
Season 1: Indigo League,Battle Aboard the St. Anne,EP015,
Season 1: Indigo League,Pokémon Shipwreck,EP016,
Season 1: Indigo League,Island of the Giant Pokémon,EP017,
Season 1: Indigo League,Beauty and the Beach,EP018,"Banned: sexual content, Skipped in India"
Season 1: Indigo League,Tentacool & Tentacruel,EP019,
Season 1: Indigo League,The Ghost of Maiden's Peak,EP020,
Season 1: Indigo League,Bye Bye Butterfree,EP021,
Season 1: Indigo League,Abra and the Psychic Showdown,EP022,
Season 1: Indigo League,The Tower of Terror,EP023,
Season 1: Indigo League,Haunter versus Kadabra,EP024,
Season 1: Indigo League,Primeape Goes Bananas,EP025,
Season 1: Indigo League,Pokémon Scent-sation!,EP026,
Season 1: Indigo League,Hypno's Naptime,EP027,
Season 1: Indigo League,Pokémon Fashion Flash,EP028,
Season 1: Indigo League,The Punchy Pokémon,EP029,
Season 1: Indigo League,Sparks Fly for Magnemite,EP030,
Season 1: Indigo League,Dig Those Diglett!,EP031,
Season 1: Indigo League,The Ninja Poké-Showdown,EP032,
Season 1: Indigo League,The Flame Pokémon-athon!,EP033,
Season 1: Indigo League,The Kangaskhan Kid,EP034,
Season 1: Indigo League,The Legend of Dratini,EP035,"Banned: firearms, Skipped in India"
Season 1: Indigo League,The Bridge Bike Gang,EP036,
Season 1: Indigo League,Ditto's Mysterious Mansion,EP037,
Season 1: Indigo League,Cyber Soldier Porygon,EP038,"Banned: seizures, Skipped in India"
Season 1: Indigo League,Holiday Hi-Jynx,EP044J,"Banned: Jynx, Japan only (JP ep 44 broadcast number)"
Season 1: Indigo League,It's New Year's Eve! Pocket Monsters Encore,EP053J,"Never aired, Japan only, Never Dubbed, clip episode"
Season 1: Indigo League,Snow Way Out!,EP052J,"Japan only, aired out of order in Japan"
Season 1: Indigo League,Pikachu's Goodbye,EP039,
Season 1: Indigo League,The Battling Eevee Brothers,EP040,
Season 1: Indigo League,Wake Up Snorlax!,EP041,
Season 1: Indigo League,Showdown at Dark City,EP042,
Season 1: Indigo League,The March of the Exeggutor Squad,EP043,
Season 1: Indigo League,The Problem with Paras,EP044,
Season 1: Indigo League,The Song of Jigglypuff,EP045,
Season 1: Indigo League,Attack of the Prehistoric Pokémon,EP046,
Season 1: Indigo League,A Chansey Operation,EP047,
Season 1: Indigo League,Holy Matrimony!,EP048,
Season 1: Indigo League,Princess vs. Princess,EP052,Aired out of order
Season 1: Indigo League,"So Near, Yet So Farfetch'd",EP049,
Season 1: Indigo League,Who Gets to Keep Togepi?,EP050,
Season 1: Indigo League,Bulbasaur's Mysterious Garden,EP051,
Season 1: Indigo League,The Case of the K-9 Caper!,EP054,
Season 1: Indigo League,Pokémon Paparazzi,EP055,
Season 1: Indigo League,The Ultimate Test,EP056,
Season 1: Indigo League,The Breeding Center Secret,EP057,
Season 1: Indigo League,The Purr-fect Hero,EP053,
Season 1: Indigo League,Riddle Me This,EP058,
Season 1: Indigo League,Volcanic Panic,EP059,
Season 1: Indigo League,Beach Blank-Out Blastoise,EP060,
Season 1: Indigo League,The Misty Mermaid,EP061,
Season 1: Indigo League,Clefairy Tales,EP062,
Season 1: Indigo League,The Battle of the Badge,EP063,
Season 1: Indigo League,It's Mr. Mime Time,EP064,
Season 1: Indigo League,Showdown at the Po-ké Corral,EP065,
Season 1: Indigo League,The Evolution Solution,EP066,
Season 1: Indigo League,The Pi-Kahuna,EP067,
Pikachu Short,Pikachu's Vacation,PK01,
Special,The Uncut Story of Mewtwo's Origin,SPEC01,"Japan only, Never Dubbed (international cut); prequel to M1"
Movies,Pokémon: The First Movie - Mewtwo Strikes Back,M1,
Season 1: Indigo League,Make Room for Gloom,EP068,
Season 1: Indigo League,"Lights, Camera, Quack-tion",EP069,
Season 1: Indigo League,Go West Young Meowth,EP070,
Season 1: Indigo League,To Master the Onixpected!,EP071,
Pikachu Short,Pikachu's Winter Vacation: Christmas Night,PK02,
Pikachu Short,Pikachu's Winter Vacation: Kanga Games,PK03,
Season 1: Indigo League,The Ancient Puzzle of Pokémopolis,EP072,
Season 1: Indigo League,Bad to the Bone,EP073,
Season 1: Indigo League,All Fired Up!,EP074,
Season 1: Indigo League,Round One - Begin!,EP075,
Season 1: Indigo League,Fire and Ice,EP076,
Season 1: Indigo League,The Fourth Round Rumble,EP077,
Season 1: Indigo League,A Friend In Deed,EP078,
Season 1: Indigo League,Friend and Foe Alike,EP079,
Season 1: Indigo League,Friends to the End,EP080,
Season 2: Adventures on the Orange Islands,Pallet Party Panic,EP081,
Season 2: Adventures on the Orange Islands,A Scare in the Air,EP082,
Season 2: Adventures on the Orange Islands,Poké Ball Peril,EP083,
Season 2: Adventures on the Orange Islands,The Lost Lapras,EP084,
Season 2: Adventures on the Orange Islands,Fit to be Tide,EP085,
Season 2: Adventures on the Orange Islands,Pikachu Re-Volts,EP086,
Season 2: Adventures on the Orange Islands,The Crystal Onix,EP087,
Season 2: Adventures on the Orange Islands,In the Pink,EP088,
Season 2: Adventures on the Orange Islands,Shell Shock!,EP089,
Season 2: Adventures on the Orange Islands,Stage Fight!,EP090,"Banned: Jynx, Skipped in India"
Season 2: Adventures on the Orange Islands,Bye Bye Psyduck,EP091,
Season 2: Adventures on the Orange Islands,The Joy of Pokémon,EP092,
Season 2: Adventures on the Orange Islands,Navel Maneuvers,EP093,
Season 2: Adventures on the Orange Islands,Snack Attack,EP094,
Season 2: Adventures on the Orange Islands,A Shipful of Shivers,EP095,
Season 2: Adventures on the Orange Islands,Meowth Rules!,EP096,
Season 2: Adventures on the Orange Islands,Tracey Gets Bugged,EP097,
Season 2: Adventures on the Orange Islands,A Way Off Day Off,EP098,
Season 2: Adventures on the Orange Islands,The Mandarin Island Miss Match,EP099,"Banned: Jynx, Skipped in India"
Season 2: Adventures on the Orange Islands,"Wherefore Art Thou, Pokémon?",EP100,
Season 2: Adventures on the Orange Islands,"Get Along, Little Pokémon",EP101,
Season 2: Adventures on the Orange Islands,The Mystery Menace,EP102,
Season 2: Adventures on the Orange Islands,Misty Meets Her Match,EP103,
Season 2: Adventures on the Orange Islands,Bound For Trouble,EP104,
Season 2: Adventures on the Orange Islands,Charizard Chills,EP105,
Pikachu Short,Pikachu's Rescue Adventure,PK04,
Movies,Pokémon the Movie 2000: The Power of One,M2,
Season 2: Adventures on the Orange Islands,The Pokémon Water War,EP106,
Season 2: Adventures on the Orange Islands,Pokémon Food Fight!,EP107,
Season 2: Adventures on the Orange Islands,Pokémon Double Trouble,EP108,
Season 2: Adventures on the Orange Islands,The Wacky Watcher!,EP109,
Season 2: Adventures on the Orange Islands,The Stun Spore Detour,EP110,
Season 2: Adventures on the Orange Islands,"Hello, Pummelo!",EP111,
Season 2: Adventures on the Orange Islands,Enter The Dragonite,EP112,
Season 2: Adventures on the Orange Islands,Viva Las Lapras,EP113,
Season 2: Adventures on the Orange Islands,The Underground Round Up,EP114,
Season 2: Adventures on the Orange Islands,A Tent Situation,EP115,
Season 2: Adventures on the Orange Islands,The Rivalry Revival,EP116,
Season 3: The Johto Journeys,Don't Touch That 'dile,EP117,
Season 3: The Johto Journeys,The Double Trouble Header,EP118,
Season 3: The Johto Journeys,A Sappy Ending,EP119,
Season 3: The Johto Journeys,"Roll On, Pokémon!",EP120,
Season 3: The Johto Journeys,Illusion Confusion!,EP121,
Season 3: The Johto Journeys,Flower Power,EP122,
Season 3: The Johto Journeys,Spinarak Attack,EP123,
Season 3: The Johto Journeys,Snubbull Snobbery,EP124,
Season 3: The Johto Journeys,The Little Big Horn,EP125,
Season 3: The Johto Journeys,The Chikorita Rescue,EP126,
Pikachu Short,Pikachu's Winter Vacation: Winter Games,PK05,
Pikachu Short,Pikachu's Winter Vacation: Stantler's Little Helpers,PK06,
Season 3: The Johto Journeys,Once in a Blue Moon,EP127,
Season 3: The Johto Journeys,The Whistle Stop,EP128,
Short,Slowking's Day,SHORT01,"Japan only, Never Dubbed; Pokémon Chronicles prequel short"
Season 3: The Johto Journeys,Ignorance is Blissey,EP129,
Season 3: The Johto Journeys,A Bout With Sprout,EP130,
Season 3: The Johto Journeys,Fighting Flyer with Fire,EP131,
Season 3: The Johto Journeys,For Crying Out Loud,EP132,
Season 3: The Johto Journeys,Tanks a Lot!,EP133,
Season 3: The Johto Journeys,Charizard's Burning Ambitions,EP134,
Season 3: The Johto Journeys,Grin to Win!,EP135,
Season 3: The Johto Journeys,Chikorita's Big Upset,EP136,
Season 3: The Johto Journeys,Foul Weather Friends,EP137,
Season 3: The Johto Journeys,The Superhero Secret,EP138,
Season 3: The Johto Journeys,Mild 'n Wooly,EP139,
Season 3: The Johto Journeys,Wired for Battle!,EP140,
Season 3: The Johto Journeys,Good 'Quil Hunting,EP141,
Season 3: The Johto Journeys,A Shadow of a Drought,EP142,
Season 3: The Johto Journeys,Going Apricorn!,EP143,
Season 3: The Johto Journeys,Gettin' The Bugs Out,EP144,
Season 3: The Johto Journeys,A Farfetch'd Tale,EP145,
Season 3: The Johto Journeys,Tricks of the Trade,EP146,
Season 3: The Johto Journeys,The Fire-ing Squad!,EP147,
Season 3: The Johto Journeys,No Big Woop!,EP148,
Season 3: The Johto Journeys,Tunnel Vision,EP149,
Season 3: The Johto Journeys,Hour of the Houndour,EP150,
Season 3: The Johto Journeys,The Totodile Duel,EP151,
Season 3: The Johto Journeys,Hot Matches!,EP152,
Season 3: The Johto Journeys,"Love, Totodile Style",EP153,
Season 3: The Johto Journeys,Fowl Play!,EP154,
Season 3: The Johto Journeys,Forest Grumps,EP155,
Pikachu Short,Pikachu & Pichu,PK07,
Movies,Pokémon 3: The Movie - Spell of the Unown: Entei,M3,
Season 3: The Johto Journeys,The Psychic Sidekicks!,EP156,
Season 3: The Johto Journeys,The Fortune Hunters,EP157,
Season 4: Johto League Champions,A Goldenrod Opportunity,EP158,
Season 4: Johto League Champions,A Dairy Tale Ending,EP159,
Season 4: Johto League Champions,Air Time!,EP160,
Season 4: Johto League Champions,The Bug Stops Here,EP161,
Season 4: Johto League Champions,Type Casting,EP162,
Season 4: Johto League Champions,Fossil Fools,EP163,
Season 4: Johto League Champions,Carrying On!,EP164,
Season 4: Johto League Champions,Hassle in the Castle,EP165,
Season 4: Johto League Champions,Two Hits and a Miss,EP166,
Season 4: Johto League Champions,A Hot Water Battle,EP167,
Season 4: Johto League Champions,"Hook, Line, and Stinker",EP168,
Season 4: Johto League Champions,Beauty and the Breeder,EP169,
Season 4: Johto League Champions,A Better Pill to Swallow,EP170,
Season 4: Johto League Champions,Power Play!,EP171,
Season 4: Johto League Champions,Mountain Time,EP172,
Season 4: Johto League Champions,Wobbu-Palooza!,EP173,
Season 4: Johto League Champions,Imitation Confrontation,EP174,
Season 4: Johto League Champions,The Trouble With Snubbull,EP175,
Season 4: Johto League Champions,"Ariados, Amigos",EP176,
Season 4: Johto League Champions,Wings 'N' Things,EP177,
Season 4: Johto League Champions,The Grass Route,EP178,
Pikachu Short,Pikachu's Winter Vacation: Delibird's Dilemma,PK08,
Pikachu Short,Pikachu's Winter Vacation: Snorlax Snowman,PK09,
Special,Pokémon: Mewtwo Returns,SPEC02,TV special / direct-to-video
Season 4: Johto League Champions,The Apple Corp!,EP179,
Season 4: Johto League Champions,Houndoom's Special Delivery,EP180,
Season 4: Johto League Champions,A Ghost of a Chance,EP181,
Season 4: Johto League Champions,From Ghost to Ghost,EP182,
Season 4: Johto League Champions,Trouble's Brewing,EP183,
Season 4: Johto League Champions,All That Glitters!,EP184,
Season 4: Johto League Champions,The Light Fantastic,EP185,
Season 4: Johto League Champions,UnBEARable,EP186,
Season 4: Johto League Champions,Moving Pictures,EP187,
Season 4: Johto League Champions,Spring Fever,EP188,
Season 4: Johto League Champions,Freeze Frame,EP189,
Season 4: Johto League Champions,The Stolen Stones!,EP190,
Season 4: Johto League Champions,The Dunsparce Deception,EP191,
Season 4: Johto League Champions,The Wayward Wobbuffet,EP192,
Season 4: Johto League Champions,Sick Daze,EP193,
Season 4: Johto League Champions,Ring Masters,EP194,
Season 4: Johto League Champions,The Poké Spokesman,EP195,
Season 4: Johto League Champions,Control Freak!,EP196,
Season 4: Johto League Champions,The Art of Pokémon,EP197,
Season 4: Johto League Champions,The Heartbreak of Brock,EP198,
Season 4: Johto League Champions,Current Events,EP199,
Season 4: Johto League Champions,Turning Over A New Bayleef,EP200,
Season 4: Johto League Champions,Doin' What Comes Natu-rally,EP201,
Season 4: Johto League Champions,The Big Balloon Blow-Up,EP202,
Season 4: Johto League Champions,The Screen Actor's Guilt,EP203,
Season 4: Johto League Champions,"Right On, Rhydon!",EP204,
Season 4: Johto League Champions,The Kecleon Caper,EP205,
Pikachu Short,Pikachu's PikaBoo,PK10,
Movies,Pokémon 4Ever - Celebi: Voice of the Forest,M4,
Season 4: Johto League Champions,The Joy of Water Pokémon,EP206,
Season 4: Johto League Champions,Got Miltank?,EP207,
Season 4: Johto League Champions,Fight for the Light!,EP208,
Season 4: Johto League Champions,"Machoke, Machoke Man!",EP209,
Season 5: Master Quest,Around the Whirlpool,EP210,
Season 5: Master Quest,Fly Me to the Moon,EP211,
Season 5: Master Quest,Takin' It on the Chinchou,EP212,
Season 5: Master Quest,A Corsola Caper!,EP213,
Season 5: Master Quest,Mantine Overboard!,EP214,
Season 5: Master Quest,Octillery The Outcast,EP215,
Season 5: Master Quest,Dueling Heroes,EP216,
Season 5: Master Quest,The Perfect Match!,EP217,
Season 5: Master Quest,Plant It Now... Diglett Later,EP218,
Season 5: Master Quest,Hi Ho Silver... Away!,EP219,
Season 5: Master Quest,The Mystery is History,EP220,
Season 5: Master Quest,A Parent Trapped!,EP221,
Season 5: Master Quest,A Promise is a Promise,EP222,
Season 5: Master Quest,Throwing in the Noctowl,EP223,
Season 5: Master Quest,Nerves of Steelix!,EP224,
Season 5: Master Quest,Bulbasaur... the Ambassador!,EP225,
Season 5: Master Quest,"Espeon, Not Included",EP226,
Season 5: Master Quest,For Ho-Oh the Bells Toll!,EP227,
Season 5: Master Quest,Extreme Pokémon!,EP228,
Season 5: Master Quest,An EGG-sighting Adventure!,EP229,
Season 5: Master Quest,Hatching a Plan,EP230,
Pokémon Chronicles,The Legend of Thunder! (Part 1),LoT01,Originally Japan only; later dubbed as Pokémon Chronicles special
Pokémon Chronicles,The Legend of Thunder! (Part 2),LoT02,Originally Japan only; later dubbed as Pokémon Chronicles special
Pokémon Chronicles,The Legend of Thunder! (Part 3),LoT03,Originally Japan only; later dubbed as Pokémon Chronicles special
Season 5: Master Quest,Dues and Don'ts,EP231,
Season 5: Master Quest,Just Waiting On a Friend,EP232,
Season 5: Master Quest,A Tyrogue Full of Trouble,EP233,
Season 5: Master Quest,Xatu the Future,EP234,
Season 5: Master Quest,Talkin' 'Bout an Evolution,EP235,
Season 5: Master Quest,Rage of Innocence,EP236,
Season 5: Master Quest,As Cold as Pryce,EP237,
Season 5: Master Quest,"Nice Pryce, Baby!",EP238,
Season 5: Master Quest,Whichever Way the Wind Blows,EP239,
Season 5: Master Quest,Some Like it Hot,EP240,
Season 5: Master Quest,Hocus Pokémon,EP241,
Season 5: Master Quest,As Clear as Crystal,EP242,
Season 5: Master Quest,Same Old Song and Dance,EP243,
Season 5: Master Quest,Enlighten Up!,EP244,
Season 5: Master Quest,Will the Real Oak Please Stand Up?,EP245,
Season 5: Master Quest,Wish Upon a Star Shape,EP246,
Season 5: Master Quest,Outrageous Fortunes,EP247,
Season 5: Master Quest,One Trick Phony!,EP248,
Season 5: Master Quest,I Politoed Ya So!,EP249,
Season 5: Master Quest,The Ice Cave!,EP250,"Banned: Jynx, Skipped in India"
Season 5: Master Quest,Beauty is Skin Deep,EP251,
Season 5: Master Quest,Fangs for Nothin',EP252,
Season 5: Master Quest,Great Bowls of Fire!,EP253,
Season 5: Master Quest,Better Eight Than Never,EP254,
Season 5: Master Quest,Why? Wynaut!,EP255,
Season 5: Master Quest,Just Add Water,EP256,
Pikachu Short,Camp Pikachu,PK11,
Movies,Pokémon Heroes: Latios & Latias,M5,
Season 5: Master Quest,Lapras of Luxury,EP257,
Season 5: Master Quest,Hatch Me If You Can,EP258,
Season 5: Master Quest,Entei at Your Own Risk,EP259,
Season 5: Master Quest,A Crowning Achievement,EP260,
Season 5: Master Quest,"Here's Lookin' at You, Elekid",EP261,
Season 5: Master Quest,"You're a Star, Larvitar!",EP262,
Season 5: Master Quest,Address Unown!,EP263,
Season 5: Master Quest,Mother of All Battles,EP264,
Season 5: Master Quest,Pop Goes The Sneasel,EP265,
Season 5: Master Quest,A Claim to Flame!,EP266,
Season 5: Master Quest,"Love, Pokémon Style",EP267,
Season 5: Master Quest,Tie One On!,EP268,
Season 5: Master Quest,The Ties That Bind,EP269,
Season 5: Master Quest,Can't Beat the Heat!,EP270,
Season 5: Master Quest,Playing with Fire!,EP271,
Season 5: Master Quest,Johto Photo Finish,EP272,
Season 5: Master Quest,Gotta Catch Ya Later!,EP273,
Season 5: Master Quest,Hoenn Alone!,EP274,
Season 6: Advanced,Get the Show on the Road!,AG001,
Season 6: Advanced,A Ruin with a View,AG002,
Pokémon Chronicles,A Family That Battles Together Stays Together!,HS01,
Season 6: Advanced,There's no Place Like Hoenn,AG003,
Pokémon Chronicles,Cerulean Blues,HS02,
Season 6: Advanced,You Never Can Taillow,AG004,
Pokémon Chronicles,We're No Angels!,HS03,
Season 6: Advanced,In the Knicker of Time!,AG005,
Season 6: Advanced,A Poached Ego!,AG006,
Season 6: Advanced,Tree's a Crowd,AG007,
Pokémon Chronicles,Showdown at the Oak Corral,HS04,
Season 6: Advanced,A Tail with a Twist,AG008,
Season 6: Advanced,Taming of the Shroomish,AG009,
Season 6: Advanced,You Said a Mouthful!,AG010,
Season 6: Advanced,A Bite to Remember,AG011,
Season 6: Advanced,The Lotad Lowdown,AG012,
Season 6: Advanced,All Things Bright and Beautifly!,AG013,
Pokémon Chronicles,The Blue Badge of Courage,HS05,
Season 6: Advanced,All in a Day's Wurmple,AG014,
Pokémon Chronicles,Of Meowth and Pokémon (Part 1),HS06,
Pokémon Chronicles,Of Meowth and Pokémon (Part 2),HS07,
Pokémon Chronicles,Trouble in Big Town,PCBT01,"Japan only, Never Dubbed; Pichu Bros. short"
Pokémon Chronicles,"Big Meowth, Little Dreams (Part 1)",HS09,
Pokémon Chronicles,"Big Meowth, Little Dreams (Part 2)",HS10,
Season 6: Advanced,Gonna Rule The School!,AG015,
Season 6: Advanced,The Winner by a Nosepass,AG016,
Season 6: Advanced,Stairway to Devon,AG017,
Season 6: Advanced,On a Wingull and a Prayer!,AG018,
Season 6: Advanced,Sharpedo Attack!,AG019,
Pokémon Chronicles,Oaknapped!,HS08,
Season 6: Advanced,Brave the Wave,AG020,
Season 6: Advanced,Which Wurmple's Which?,AG021,
Season 6: Advanced,A Hole Lotta Trouble,AG022,
Season 6: Advanced,Gone Corphishin',AG023,
Season 6: Advanced,A Corphish Out of Water,AG024,
Season 6: Advanced,A Mudkip Mission,AG025,
Season 6: Advanced,Turning Over a Nuzleaf,AG026,
Season 6: Advanced,A Three Team Scheme,AG027,
Season 6: Advanced,Seeing is Believing!,AG028,
Season 6: Advanced,"Ready, Willing, and Sableye",AG029,
Season 6: Advanced,A Meditite Fight!,AG030,
Season 6: Advanced,Just One of the Geysers,AG031,
Season 6: Advanced,Abandon Ship!,AG032,
Season 6: Advanced,Now That's Flower Power!,AG033,
Season 6: Advanced,Having a Wailord of a Time,AG034,
Season 6: Advanced,"Win, Lose or Drew!",AG035,
Season 6: Advanced,The Spheal of Approval,AG036,
Pikachu Short,Gotta Dance!,PK12,
Movies,Pokémon: Jirachi: Wish Maker,M6,
Season 6: Advanced,Jump for Joy!,AG037,
Season 6: Advanced,A Different Kind of Misty!,AG038,
Season 6: Advanced,A Poké-BLOCK Party!,AG039,
Season 6: Advanced,Watt's with Wattson?,AG040,
Pokémon Chronicles,A Date with Delcatty,HS11,
Season 7: Advanced Challenge,What You Seed is What You Get,AG041,
Season 7: Advanced Challenge,Love at First Flight,AG042,
Season 7: Advanced Challenge,Let Bagons Be Bagons,AG043,
Season 7: Advanced Challenge,The Princess and the Togepi,AG044,
Season 7: Advanced Challenge,A Togepi Mirage!,AG045,
Pokémon Chronicles,Training Daze,HS12,
Pokémon Chronicles,Celebi and Joy!,HS13,
Season 7: Advanced Challenge,Candid Camerupt!,AG046,
Pokémon Chronicles,Journey to the Starting Line!,HS14,
Season 7: Advanced Challenge,I Feel Skitty!,AG047,
Season 7: Advanced Challenge,ZigZag Zangoose!,AG048,
Season 7: Advanced Challenge,Maxxed Out!,AG049,
Season 7: Advanced Challenge,Pros and Con Artists,AG050,
Season 7: Advanced Challenge,Come What May!,AG051,
Season 7: Advanced Challenge,Cheer Pressure,AG052,
Season 7: Advanced Challenge,Game Winning Assist,AG053,
Season 7: Advanced Challenge,Fight for the Meteorite!,AG054,
Season 7: Advanced Challenge,Poetry Commotion!,AG055,
Season 7: Advanced Challenge,"Going, Going, Yawn",AG056,
Season 7: Advanced Challenge,Going for a Spinda,AG057,
Season 7: Advanced Challenge,"All Torkoal, No Play",AG058,
Season 7: Advanced Challenge,Manectric Charge,AG059,
Season 7: Advanced Challenge,Delcatty Got Your Tongue,AG060,
Season 7: Advanced Challenge,Disaster of Disguise,AG061,
Season 7: Advanced Challenge,Disguise Da Limit,AG062,
Season 7: Advanced Challenge,Take the Lombre Home,AG063,
Season 7: Advanced Challenge,True Blue Swablu,AG064,
Season 7: Advanced Challenge,Gulpin it Down,AG065,
Season 7: Advanced Challenge,Exploud and Clear!,AG066,
Season 7: Advanced Challenge,Go Go Ludicolo!,AG067,
Pokémon Chronicles,Putting the Air Back in Aerodactyl!,HS15,
Season 7: Advanced Challenge,A Double Dilemma,AG068,
Season 7: Advanced Challenge,"Love, Petalburg Style!",AG069,
Season 7: Advanced Challenge,Balance of Power,AG070,
Season 7: Advanced Challenge,A Six Pack Attack!,AG071,
Season 7: Advanced Challenge,The Bicker the Better,AG072,
Season 7: Advanced Challenge,Grass Hysteria!,AG073,
Season 7: Advanced Challenge,Hokey Poké Balls,AG074,
Season 7: Advanced Challenge,Whiscash and Ash,AG075,
Season 7: Advanced Challenge,"Me, Myself and Time",AG076,
Season 7: Advanced Challenge,A Fan with a Plan!,AG077,
Season 7: Advanced Challenge,Cruisin' for a Losin',AG078,
Season 7: Advanced Challenge,Pearls are a Spoink's Best Friend!,AG079,
Season 7: Advanced Challenge,That's Just Swellow,AG080,
Season 7: Advanced Challenge,Take This House and Shuppet,AG081,
Season 7: Advanced Challenge,A Shroomish Skirmish,AG082,
Season 7: Advanced Challenge,Unfair-Weather Friends,AG083,
Season 7: Advanced Challenge,Who's Flying Now?,AG084,
Season 7: Advanced Challenge,Sky High Gym Battle!,AG085,
Movies,Pokémon: Destiny Deoxys,M7,
Season 7: Advanced Challenge,"Lights, Camerupt, Action!",AG086,
Season 7: Advanced Challenge,Crazy as a Lunatone,AG087,
Pikachu Short,Pikachu's Summer Festival,PK13,Japan only
Season 7: Advanced Challenge,The Garden of Eatin',AG088,
Season 7: Advanced Challenge,A Scare to Remember,AG089,
Season 7: Advanced Challenge,"Pokéblock, Stock and Berry",AG090,
Season 7: Advanced Challenge,Lessons in Lilycove,AG091,
Season 7: Advanced Challenge,Judgment Day!,AG092,
Season 8: Advanced Battle,Clamperl of Wisdom,AG093,
Pokémon Chronicles,Luvdisc is a Many Splendored Thing!,HS16,
Season 8: Advanced Battle,The Relicanth Really Can,AG094,
Pokémon Chronicles,Those Darn Electabuzz!,HS17,
Season 8: Advanced Battle,The Evolutionary War,AG095,
Pokémon Chronicles,The Search for a Legend,HS18,
Season 8: Advanced Battle,Training Wrecks,AG096,
Season 8: Advanced Battle,Gaining Groudon,AG097,
Season 8: Advanced Battle,The Scuffle of Legends,AG098,
Season 8: Advanced Battle,It's Still Rocket Roll to Me!,AG099,
Season 8: Advanced Battle,Solid as a Solrock,AG100,
Season 8: Advanced Battle,Shaking Island Battle! Dojoach VS Namazun!!,AG101J,"Never aired, Japan only, Never Dubbed"
Season 8: Advanced Battle,Vanity Affair,AG101,
Season 8: Advanced Battle,Where's Armaldo?,AG102,
Season 8: Advanced Battle,A Cacturne for the Worse,AG103,
Season 8: Advanced Battle,Claydol Big and Tall,AG104,
Season 8: Advanced Battle,Once in a Mawile,AG105,
Season 8: Advanced Battle,"Beg, Burrow and Steal",AG106,
Season 8: Advanced Battle,Absol-ute Disaster,AG107,
Season 8: Advanced Battle,"Let it Snow, Let it Snow, Let it Snorunt!",AG108,
Season 8: Advanced Battle,Do I Hear a Ralts?,AG109,
Season 8: Advanced Battle,The Great Eight Fate!,AG110,
Season 8: Advanced Battle,Eight Ain't Enough,AG111,
Season 8: Advanced Battle,Showdown At Linoone,AG112,
Season 8: Advanced Battle,"Who, What, When, Where, Wynaut?",AG113,
Season 8: Advanced Battle,Date Expectations,AG114,
Season 8: Advanced Battle,Mean With Envy,AG115,
Season 8: Advanced Battle,Pacifidlog Jam,AG116,
Season 8: Advanced Battle,"Berry, Berry Interesting",AG117,
Pikachu Short,Pokémon 3D Adventure: Find Mew!,PK14,"3D short, no home release"
Season 8: Advanced Battle,Less is Morrison,AG118,
Season 8: Advanced Battle,The Ribbon Cup Caper,AG119,
Season 8: Advanced Battle,Satoshi and Haruka! Heated Battles of Hōen!!,AG120,"Japan only, Never Dubbed, clip episode"
Season 8: Advanced Battle,Hi Ho Silver Wind!,AG121,
Season 8: Advanced Battle,Deceit and Assist,AG122,
Season 8: Advanced Battle,Rhapsody in Drew,AG123,
Season 8: Advanced Battle,Island Time,AG124,
Season 8: Advanced Battle,Like a Meowth to a Flame,AG125,
Season 8: Advanced Battle,Saved by the Beldum,AG126,
Season 8: Advanced Battle,From Brags to Riches,AG127,
Season 8: Advanced Battle,Shocks and Bonds,AG128,
Season 8: Advanced Battle,A Judgment Brawl,AG129,
Season 8: Advanced Battle,Choose It or Lose It!,AG130,
Season 8: Advanced Battle,At the End of the Fray,AG131,
Season 8: Advanced Battle,The Scheme Team,AG132,
Season 8: Advanced Battle,The Right Place and the Right Mime,AG133,
Season 8: Advanced Battle,A Real Cleffa-Hanger,AG134,
Movies,Pokémon: Lucario and the Mystery of Mew,M8,
Season 8: Advanced Battle,Numero Uno Articuno,AG135,
Season 8: Advanced Battle,The Symbol Life,AG136,
Pikachu Short,Pikachu's Ghost Carnival,PK15,Japan only
Season 8: Advanced Battle,Hooked on Onix,AG137,
Season 8: Advanced Battle,"Rough, Tough Jigglypuff",AG138,
Season 8: Advanced Battle,On Cloud Arcanine,AG139,
Season 8: Advanced Battle,Sitting Psyduck,AG140,
Season 8: Advanced Battle,Hail to the Chef!,AG141,
Season 8: Advanced Battle,Caterpie's Big Dilemma,AG142,
Season 8: Advanced Battle,The Saffron Con,AG143,
Season 8: Advanced Battle,A Hurdle for Squirtle,AG144,
Season 8: Advanced Battle,Pasta La Vista!,AG145,
Special,Pokémon Mystery Dungeon: Team Go-Getters Out of the Gate!,SPEC03,TV special tied to Mystery Dungeon Red/Blue
Special,Pokémon: The Mastermind of Mirage Pokémon,SPEC04,TV special (10th anniversary); slightly different Japanese cut
Season 9: Battle Frontier,Fear Factor Phony,AG146,
Season 9: Battle Frontier,Sweet Baby James,AG147,
Season 9: Battle Frontier,A Chip Off the Old Brock,AG148,
Season 9: Battle Frontier,Wheel of Frontier,AG149,
Season 9: Battle Frontier,May's Egg-Cellent Adventure,AG150,
Season 9: Battle Frontier,Weekend Warrior,AG151,
Season 9: Battle Frontier,On Olden Pond,AG152,
Season 9: Battle Frontier,Tactics Theatrics!!,AG153,
Season 9: Battle Frontier,Reversing the Charges,AG154,
Season 9: Battle Frontier,The Green Guardian,AG155,
Season 9: Battle Frontier,From Cradle to Save,AG156,
Season 9: Battle Frontier,Time Warp Heals All Wounds,AG157,
Season 9: Battle Frontier,Queen of the Serpentine!,AG158,
Season 9: Battle Frontier,Off the Unbeaten Path,AG159,
Season 9: Battle Frontier,Harley Rides Again,AG160,
Season 9: Battle Frontier,Odd Pokémon Out!,AG161,
Season 9: Battle Frontier,Spontaneous Combusken!,AG162,
Season 9: Battle Frontier,Cutting the Ties that Bind!,AG163,
Season 9: Battle Frontier,Ka Boom with a View!,AG164,
Season 9: Battle Frontier,King and Queen for a Day!,AG165,
Season 9: Battle Frontier,Curbing the Crimson Tide!,AG166,
Season 9: Battle Frontier,What I Did for Love!,AG167,
Season 9: Battle Frontier,Three Jynx and a Baby!,AG168,
Season 9: Battle Frontier,Talking a Good Game!,AG169,
Season 9: Battle Frontier,Second Time's the Charm!,AG170,
Season 9: Battle Frontier,Pokémon Ranger - Deoxys' Crisis! (Part One),AG171,
Season 9: Battle Frontier,Pokémon Ranger - Deoxys' Crisis! (Part Two),AG172,
Season 9: Battle Frontier,All That Glitters is Not Golden!,AG173,
Season 9: Battle Frontier,"New Plot, Odd Lot!",AG174,
Season 9: Battle Frontier,Going for Choke!,AG175,
Season 9: Battle Frontier,The Ole' Berate and Switch!,AG176,
Season 9: Battle Frontier,Grating Spaces!,AG177,
Season 9: Battle Frontier,Battling the Enemy Within!,AG178,
Season 9: Battle Frontier,Slaking Kong!,AG179,
Pikachu Short,Pikachu's Ocean Adventure,PK16,"3D short, no home release"
Season 9: Battle Frontier,"May, We Harley Drew'd Ya!",AG180,
Season 9: Battle Frontier,Thinning the Hoard!,AG181,
Season 9: Battle Frontier,Channeling the Battle Zone!,AG182,
Season 9: Battle Frontier,Aipom and Circumstance!,AG183,
Movies,Pokémon Ranger and the Temple of the Sea,M9,
Season 9: Battle Frontier,Strategy Tomorrow - Comedy Tonight!,AG184,
Season 9: Battle Frontier,Duels of the Jungle!,AG185,
Pikachu Short,Pikachu's Island Adventure,PK17,
Season 9: Battle Frontier,Overjoyed!,AG186,
Season 9: Battle Frontier,The Unbeatable Lightness of Seeing!,AG187,
Season 9: Battle Frontier,Pinch Healing!,AG188,
Season 9: Battle Frontier,Gathering the Gang of Four!,AG189,
Season 9: Battle Frontier,Pace - The Final Frontier!,AG190,
Season 9: Battle Frontier,Once More With Reeling!,AG191,
Season 9: Battle Frontier,Home is Where the Start Is!,AG192,
Season 10: Diamond and Pearl,Following A Maiden's Voyage!,DP001,
Season 10: Diamond and Pearl,Two Degrees of Separation!,DP002,
Season 10: Diamond and Pearl,When Pokémon Worlds Collide!,DP003,
Season 10: Diamond and Pearl,Dawn Of A New Era!,DP004,
Season 10: Diamond and Pearl,Gettin' Twiggy With It!,DP005,
Season 10: Diamond and Pearl,Different Strokes for Different Blokes!,DP006,
Season 10: Diamond and Pearl,Like It or Lup It!,DP007,
Season 10: Diamond and Pearl,Gymbaliar!,DP008,
Season 10: Diamond and Pearl,Setting the World on its Buneary!,DP009,
Season 10: Diamond and Pearl,Not on MY Watch Ya Don't!,DP010,
Season 10: Diamond and Pearl,Mounting a Coordinator Assault!,DP011,
Season 10: Diamond and Pearl,Arrival of a Rival!,DP012,
Season 10: Diamond and Pearl,A Staravia Is Born!,DP013,
Season 10: Diamond and Pearl,Leave It To Brocko!,DP014,
Season 10: Diamond and Pearl,Shapes of Things to Come!,DP015,
Season 10: Diamond and Pearl,A Gruff Act to Follow!,DP016,
Season 10: Diamond and Pearl,Wild in the Streets!,DP017,
Season 10: Diamond and Pearl,O'er the Rampardos We Watched!,DP018,
Season 10: Diamond and Pearl,"Twice Smitten, Once Shy!",DP019,
Season 10: Diamond and Pearl,Mutiny in the Bounty!,DP020,
Season 10: Diamond and Pearl,Ya See We Want An Evolution!,DP021,
Season 10: Diamond and Pearl,Borrowing on Bad Faith!,DP022,
Season 10: Diamond and Pearl,Faced With Steelix Determination!,DP023,
Season 10: Diamond and Pearl,Cooking up a Sweet Story!,DP024,
Season 10: Diamond and Pearl,Oh Do You Know the Poffin Plan!,DP025,
Season 10: Diamond and Pearl,Getting the Pre-Contest Titters!,DP026,
Season 10: Diamond and Pearl,Settling a Not-So-Old Score!,DP027,
Season 10: Diamond and Pearl,Drifloon on the Wind!,DP028,
Season 10: Diamond and Pearl,The Champ Twins!,DP029,
Season 10: Diamond and Pearl,Some Enchanted Sweetening!,DP030,
Season 10: Diamond and Pearl,The Grass-Type Is Always Greener!,DP031,
Season 10: Diamond and Pearl,An Angry Combeenation!,DP032,
Season 10: Diamond and Pearl,All Dressed Up With Somewhere To Go!,DP033,
Season 10: Diamond and Pearl,Buizel Your Way Out Of This!,DP034,
Season 10: Diamond and Pearl,An Elite Meet And Greet!,DP035,
Season 10: Diamond and Pearl,A Secret Sphere of Influence!,DP036,
Season 10: Diamond and Pearl,The Grass Menagerie!,DP037,
Season 10: Diamond and Pearl,One Big Happiny Family!,DP038,
Season 10: Diamond and Pearl,Steamboat Willies!,DP039,
Movies,Pokémon: The Rise of Darkrai,M10,
Season 10: Diamond and Pearl,Top-Down Training!,DP040,
Season 10: Diamond and Pearl,A Stand-Up Sit-Down!,DP041,
Pikachu Short,Pikachu's Exploration Club,PK18,Japan only
Season 10: Diamond and Pearl,The Electrike Company!,DP042,
Season 10: Diamond and Pearl,Malice In Wonderland!,DP043,
Season 10: Diamond and Pearl,Mass Hip-Po-Sis!,DP044,
Season 10: Diamond and Pearl,Ill-Will Hunting!,DP045,
Season 10: Diamond and Pearl,A Maze-ing Race!,DP046,
Season 10: Diamond and Pearl,Sandshrew's Locker!,DP047,
Season 10: Diamond and Pearl,Satoshi and Hikari! Facing a New Adventure!!,DP048,"Japan only, Never Dubbed, clip episode"
Season 10: Diamond and Pearl,Dawn's Early Night!,DP049,
Season 10: Diamond and Pearl,Tag! We're It...!,DP050,
Season 10: Diamond and Pearl,Glory Blaze!,DP051,
Season 10: Diamond and Pearl,Smells Like Team Spirit!,DP052,
Season 11: Diamond and Pearl: Battle Dimension,Tears For Fears!,DP053,
Season 11: Diamond and Pearl: Battle Dimension,Once There Were Greenfields,DP054,
Season 11: Diamond and Pearl: Battle Dimension,Throwing the Track Switch,DP055,
Season 11: Diamond and Pearl: Battle Dimension,The Keystone Pops!,DP056,
Season 11: Diamond and Pearl: Battle Dimension,Bibarel Gnaws Best!,DP057,
Season 11: Diamond and Pearl: Battle Dimension,Nosing 'Round the Mountain!,DP058,
Season 11: Diamond and Pearl: Battle Dimension,Luxray Vision!,DP059,
Season 11: Diamond and Pearl: Battle Dimension,Journey to the Unown!,DP060,
Season 11: Diamond and Pearl: Battle Dimension,Team Shocker!,DP061,
Season 11: Diamond and Pearl: Battle Dimension,Tanks for the Memories!,DP062,
Season 11: Diamond and Pearl: Battle Dimension,Hot Springing a Leak!,DP063,
Season 11: Diamond and Pearl: Battle Dimension,Riding the Winds of Change!,DP064,
Season 11: Diamond and Pearl: Battle Dimension,Sleight of Sand!,DP065,
Season 11: Diamond and Pearl: Battle Dimension,Lost Leader Strategy!,DP066,
Season 11: Diamond and Pearl: Battle Dimension,Crossing the Battle Line!,DP067,
Season 11: Diamond and Pearl: Battle Dimension,A Triple Fighting Chance!,DP068,
Season 11: Diamond and Pearl: Battle Dimension,Enter Galactic!,DP069,
Season 11: Diamond and Pearl: Battle Dimension,The Bells Are Singing!,DP070,
Season 11: Diamond and Pearl: Battle Dimension,Pokémon Ranger and the Kidnapped Riolu! (Part 1),DP071,
Season 11: Diamond and Pearl: Battle Dimension,Pokémon Ranger and the Kidnapped Riolu! (Part 2),DP072,
Season 11: Diamond and Pearl: Battle Dimension,Crossing Paths,DP073,
Season 11: Diamond and Pearl: Battle Dimension,Pika and Goliath!,DP074,
Special,Pokémon Mystery Dungeon: Explorers of Time & Darkness,SPEC05,TV special tied to Mystery Dungeon Explorers
Special,Pokémon Mystery Dungeon: Explorers of Sky - Beyond Time & Darkness,SPEC06,TV special tied to Mystery Dungeon Explorers of Sky
Season 11: Diamond and Pearl: Battle Dimension,Our Cup Runneth Over!,DP075,
Season 11: Diamond and Pearl: Battle Dimension,A Full Course Tag Battle!,DP076,
Season 11: Diamond and Pearl: Battle Dimension,Staging A Heroes' Welcome!,DP077,
Season 11: Diamond and Pearl: Battle Dimension,Pruning a Passel of Pals!!,DP078,
Season 11: Diamond and Pearl: Battle Dimension,Strategy With a Smile!,DP079,
Season 11: Diamond and Pearl: Battle Dimension,The Thief That Keeps on Thieving!,DP080,
Season 11: Diamond and Pearl: Battle Dimension,Chim - Charred!,DP081,
Season 11: Diamond and Pearl: Battle Dimension,Cream of the Croagunk Crop!,DP082,
Season 11: Diamond and Pearl: Battle Dimension,A Crasher Course in Power!,DP083,
Season 11: Diamond and Pearl: Battle Dimension,Hungry For the Good Life!,DP084,
Season 11: Diamond and Pearl: Battle Dimension,Fighting Fear with Fear!!,DP085,
Season 11: Diamond and Pearl: Battle Dimension,Arriving in Style!,DP086,
Movies,Pokémon: Giratina and the Sky Warrior,M11,
Season 11: Diamond and Pearl: Battle Dimension,The Psyduck Stops Here!,DP087,
Pikachu Short,Pikachu's Ice Adventure,PK19,Japan only
Season 11: Diamond and Pearl: Battle Dimension,Camping It Up!,DP088,
Season 11: Diamond and Pearl: Battle Dimension,Up Close and Personable!,DP089,
Season 11: Diamond and Pearl: Battle Dimension,Ghoul Daze!,DP090,
Season 11: Diamond and Pearl: Battle Dimension,"One Team, Two Team, Red Team, Blue Team!",DP091,
Season 11: Diamond and Pearl: Battle Dimension,A Lean Mean Team Rocket Machine!,DP092,
Season 11: Diamond and Pearl: Battle Dimension,Playing The Leveling Field!,DP093,
Season 11: Diamond and Pearl: Battle Dimension,Doc Brock!,DP094,
Season 11: Diamond and Pearl: Battle Dimension,Battling The Generation Gap!,DP095,
Season 11: Diamond and Pearl: Battle Dimension,Losing Its Lustrous!,DP096,
Season 11: Diamond and Pearl: Battle Dimension,Double Team Turnover!,DP097,
Season 11: Diamond and Pearl: Battle Dimension,"If the Scarf Fits, Wear It!",DP098,
Season 11: Diamond and Pearl: Battle Dimension,A Trainer and Child Reunion!,DP099,
Season 11: Diamond and Pearl: Battle Dimension,Aiding the Enemy!,DP100,
Season 11: Diamond and Pearl: Battle Dimension,Barry's Busting Out All Over!,DP101,
Season 11: Diamond and Pearl: Battle Dimension,Shield with a Twist!,DP102,
Season 11: Diamond and Pearl: Battle Dimension,Jumping Rocket Ship!,DP103,
Season 11: Diamond and Pearl: Battle Dimension,Sleepless In Pre-Battle!,DP104,
Season 12: Diamond and Pearl: Galactic Battles,Get Your Rotom Running!,DP105,
Season 12: Diamond and Pearl: Galactic Battles,A Breed Stampede!,DP106,
Season 12: Diamond and Pearl: Galactic Battles,Ancient Family Matters!,DP107,
Season 12: Diamond and Pearl: Galactic Battles,Dealing with Defensive Types!,DP108,
Season 12: Diamond and Pearl: Galactic Battles,Leading a Stray!,DP109,
Season 12: Diamond and Pearl: Galactic Battles,Steeling Peace of Mind!,DP110,
Season 12: Diamond and Pearl: Galactic Battles,Saving the World from Ruins!,DP111,
Season 12: Diamond and Pearl: Galactic Battles,Cheers on Castaways Isle!,DP112,
Season 12: Diamond and Pearl: Galactic Battles,Hold the Phione!,DP113,
Season 12: Diamond and Pearl: Galactic Battles,Another One Gabites the Dust!,DP114,
Season 12: Diamond and Pearl: Galactic Battles,Stealing the Conversation!,DP115,
Season 12: Diamond and Pearl: Galactic Battles,The Drifting Snorunt!,DP116,
Season 12: Diamond and Pearl: Galactic Battles,Noodles! Roamin' Off!,DP117,
Season 12: Diamond and Pearl: Galactic Battles,Pursuing a Lofty Goal!,DP118,
Season 12: Diamond and Pearl: Galactic Battles,Trials and Adulations!,DP119,
Season 12: Diamond and Pearl: Galactic Battles,"The Mysterious Creatures, Pocket Monsters!",DP120,"Japan only, Never Dubbed, clip episode"
Season 12: Diamond and Pearl: Galactic Battles,The Lonely Snover!,DP121,
Season 12: Diamond and Pearl: Galactic Battles,Stopped in the Name of Love!,DP122,
Season 12: Diamond and Pearl: Galactic Battles,"Old Rivals, New Tricks!",DP123,
Season 12: Diamond and Pearl: Galactic Battles,To Thine Own Pokémon Be True!,DP124,
Season 12: Diamond and Pearl: Galactic Battles,Battling a Cute Drama!,DP125,
Season 12: Diamond and Pearl: Galactic Battles,Classroom Training!,DP126,
Season 12: Diamond and Pearl: Galactic Battles,Sliding Into Seventh!,DP127,
Season 12: Diamond and Pearl: Galactic Battles,A Pyramiding Rage!,DP128,
Season 12: Diamond and Pearl: Galactic Battles,Pillars of Friendship!,DP129,
Season 12: Diamond and Pearl: Galactic Battles,Frozen on Their Tracks!,DP130,
Season 12: Diamond and Pearl: Galactic Battles,Pedal to the Mettle!,DP131,
Season 12: Diamond and Pearl: Galactic Battles,Evolving Strategies!,DP132,
Season 12: Diamond and Pearl: Galactic Battles,Uncrushing Defeat!,DP133,
Season 12: Diamond and Pearl: Galactic Battles,Promoting Healthy Tangrowth!,DP134,
Season 12: Diamond and Pearl: Galactic Battles,Beating the Bustle and Hustle!,DP135,
Movies,Pokémon: Arceus and the Jewel of Life,M12,
Season 12: Diamond and Pearl: Galactic Battles,Gateway to Ruin!,DP136,
Pikachu Short,Pikachu's Sparkle Search!,PK20,Japan only
Season 12: Diamond and Pearl: Galactic Battles,Three Sides to Every Story!,DP137,
Season 12: Diamond and Pearl: Galactic Battles,Strategy Begins at Home!,DP138,
Season 12: Diamond and Pearl: Galactic Battles,A Faux Oak Finish!,DP139,
Season 12: Diamond and Pearl: Galactic Battles,Historical Mystery Tour!,DP140,
Season 12: Diamond and Pearl: Galactic Battles,Challenging a Towering Figure!,DP141,
Season 12: Diamond and Pearl: Galactic Battles,Where No Togepi Has Gone Before!,DP142,
Season 12: Diamond and Pearl: Galactic Battles,An Egg Scramble!,DP143,
Season 12: Diamond and Pearl: Galactic Battles,Gone With the Windworks!,DP144,
Season 12: Diamond and Pearl: Galactic Battles,A Rivalry to Gible On!,DP145,
Season 12: Diamond and Pearl: Galactic Battles,Dressed for Jess Success!,DP146,
Season 12: Diamond and Pearl: Galactic Battles,Bagged Then Tagged!,DP147,
Season 12: Diamond and Pearl: Galactic Battles,Try for the Family Stone!,DP148,
Season 12: Diamond and Pearl: Galactic Battles,Sticking With Who You Know!,DP149,
Season 12: Diamond and Pearl: Galactic Battles,Unlocking the Red Chain of Events!,DP150,
Season 12: Diamond and Pearl: Galactic Battles,The Needs of the Three!,DP151,
Season 12: Diamond and Pearl: Galactic Battles,The Battle Finale of Legend!,DP152,
Season 12: Diamond and Pearl: Galactic Battles,The Treasure Is All Mine!,DP153,
Season 12: Diamond and Pearl: Galactic Battles,Mastering Current Events!,DP154,
Season 12: Diamond and Pearl: Galactic Battles,Double-Time Battle Training!,DP155,
Season 12: Diamond and Pearl: Galactic Battles,A Meteoric Rise to Excellence!,DP156,
Season 12: Diamond and Pearl: Galactic Battles,Gotta Get a Gible!,DP157,
Season 13: Diamond and Pearl: Sinnoh League Victors,Regaining the Home Advantage!,DP158,
Season 13: Diamond and Pearl: Sinnoh League Victors,Short and To the Punch!,DP159,
Season 13: Diamond and Pearl: Sinnoh League Victors,A Marathon Rivalry!,DP160,
Season 13: Diamond and Pearl: Sinnoh League Victors,"Yes in Dee Dee, It's Dawn!",DP161,
Season 13: Diamond and Pearl: Sinnoh League Victors,Playing the Performance Encore!,DP162,
Season 13: Diamond and Pearl: Sinnoh League Victors,Fighting Ire with Fire!,DP163,
Season 13: Diamond and Pearl: Sinnoh League Victors,"Piplup, Up and Away!",DP164,
Season 13: Diamond and Pearl: Sinnoh League Victors,Flint Sparks the Fire!,DP165,
Season 13: Diamond and Pearl: Sinnoh League Victors,The Fleeing Tower of Sunyshore!,DP166,
Special,Pokémon Ranger: Guardian Signs (Part One),PRGS01,"Japan only, Never Dubbed; TV special tied to Ranger: Guardian Signs"
Special,Pokémon Ranger: Guardian Signs (Part Two),PRGS02,"Japan only, Never Dubbed; TV special tied to Ranger: Guardian Signs"
Season 13: Diamond and Pearl: Sinnoh League Victors,Teaching the Student Teacher!,DP167,
Season 13: Diamond and Pearl: Sinnoh League Victors,Keeping In Top Forme!,DP168,
Season 13: Diamond and Pearl: Sinnoh League Victors,Pokémon Ranger: Heatran Rescue!,DP169,
Season 13: Diamond and Pearl: Sinnoh League Victors,An Elite Coverup!,DP170,
Season 13: Diamond and Pearl: Sinnoh League Victors,Dawn of a Royal Day!,DP171,
Season 13: Diamond and Pearl: Sinnoh League Victors,With the Easiest of Grace!,DP172,
Season 13: Diamond and Pearl: Sinnoh League Victors,Dealing With a Fierce Double Ditto Drama!,DP173,
Season 13: Diamond and Pearl: Sinnoh League Victors,Last Call — First Round!,DP174,
Season 13: Diamond and Pearl: Sinnoh League Victors,Opposites Interact!,DP175,
Season 13: Diamond and Pearl: Sinnoh League Victors,Coming Full Festival Circle!,DP176,
Season 13: Diamond and Pearl: Sinnoh League Victors,A Grand Fight for Winning!,DP177,
Season 13: Diamond and Pearl: Sinnoh League Victors,For The Love Of Meowth!,DP178,
Movies,Pokémon—Zoroark: Master of Illusions,M13,
Season 13: Diamond and Pearl: Sinnoh League Victors,The Eighth Wonder of the Sinnoh World!,DP179,
Season 13: Diamond and Pearl: Sinnoh League Victors,Four Roads Diverged in a Pokémon Port!,DP180,
Season 13: Diamond and Pearl: Sinnoh League Victors,Bucking the Treasure Trend!,DP181,
Pikachu Short,Pikachu's Strange Wonder Adventure,PK21,Japan only
Season 13: Diamond and Pearl: Sinnoh League Victors,An Old Family Blend!,DP182,
Season 13: Diamond and Pearl: Sinnoh League Victors,League Unleashed!,DP183,
Season 13: Diamond and Pearl: Sinnoh League Victors,Casting a Paul on Barry!,DP184,
Season 13: Diamond and Pearl: Sinnoh League Victors,Working on a Right Move!,DP185,
Season 13: Diamond and Pearl: Sinnoh League Victors,Familiarity Breeds Strategy!,DP186,
Season 13: Diamond and Pearl: Sinnoh League Victors,A Real Rival Rouser!,DP187,
Season 13: Diamond and Pearl: Sinnoh League Victors,Battling a Thaw in Relations!,DP188,
Season 13: Diamond and Pearl: Sinnoh League Victors,The Semi-Final Frontier!,DP189,
Season 13: Diamond and Pearl: Sinnoh League Victors,The Brockster Is In!,DP190,
Season 13: Diamond and Pearl: Sinnoh League Victors,Memories are Made of Bliss!,DP191,
Season 14: Black & White,In the Shadow of Zekrom!,BW001,
Season 14: Black & White,Enter Iris and Axew!,BW002,
Season 14: Black & White,A Sandile Gusher of Change!,BW003,
Season 14: Black & White,The Battle Club and Tepig's Choice!,BW004,
Season 14: Black & White,"Triple Leaders, Team Threats!",BW005,
Season 14: Black & White,Dreams by the Yard Full!,BW006,
Season 14: Black & White,Snivy Plays Hard to Catch!,BW007,
Season 14: Black & White,Saving Darmanitan From the Bell!,BW008,
Season 14: Black & White,The Bloom Is on Axew!,BW009,
Season 14: Black & White,A Rival Battle for Club Champ!,BW010,
Season 14: Black & White,A Home for Dwebble!,BW011,
Season 14: Black & White,Here Comes the Trubbish Squad!,BW012,
Season 14: Black & White,Minccino—Neat and Tidy!,BW013,
Season 14: Black & White,A Night in the Nacrene City Museum!,BW014,
Season 14: Black & White,The Battle According to Lenora!,BW015,
Season 14: Black & White,Rematch at the Nacrene Gym!,BW016,
Season 14: Black & White,Scraggy—Hatched to Be Wild!,BW017,
Season 14: Black & White,Sewaddle and Burgh in Pinwheel Forest!,BW018,
Special,Dawn - Setting Off on a New Journey!,DPS01,"Japan only, Never Dubbed"
Special,Pewter Gym - The Greatest Crisis Ever!,DPS02,"Japan only, Never Dubbed"
Season 14: Black & White,A Connoisseur's Revenge!,BW019,
Season 14: Black & White,Dancing With the Ducklett Trio!,BW020,
Season 14: Black & White,The Lost World of Gothitelle!,BW021,
Season 14: Black & White,A Venipede Stampede!,BW022,
Season 14: Black & White,Rocket Gang VS Plasma Gang! (Part 1),BW023J1,"Never aired; pulled due to Tōhoku earthquake/tsunami, Never Dubbed"
Season 14: Black & White,Rocket Gang VS Plasma Gang! (Part 2),BW023J2,"Never aired; pulled due to Tōhoku earthquake/tsunami, Never Dubbed"
Season 14: Black & White,Battling For The Love of Bug-Types!,BW023,
Season 14: Black & White,Emolga the Irresistible!,BW024,
Season 14: Black & White,Emolga and the New Volt Switch!,BW025,
Season 14: Black & White,Scare at the Litwick Mansion!,BW026,
Season 14: Black & White,The Dragon Master's Path!,BW027,
Season 14: Black & White,Oshawott's Lost Scalchop!,BW028,
Season 14: Black & White,Cottonee in Love!,BW029,
Season 14: Black & White,A UFO for Elgyem!,BW030,
Season 14: Black & White,Ash and Trip's Third Battle!,BW031,
Season 14: Black & White,Facing Fear with Eyes Wide Open!,BW032,
Season 14: Black & White,Iris and Excadrill Against the Dragon Buster!,BW033,
Season 14: Black & White,Gotta Catch A Roggenrola!,BW034,
Season 14: Black & White,"Where Did You Go, Audino?",BW035,
Season 14: Black & White,Archeops In The Modern World!,BW036,
Season 14: Black & White,A Fishing Connoisseur in a Fishy Competition!,BW037,
Pikachu Short,Pikachu's Summer Bridge Story,PK22,Japan only
Movies,Pokémon the Movie: White—Victini and Zekrom,M14W,
Movies,Pokémon the Movie: Black—Victini and Reshiram,M14B,
Season 14: Black & White,"Movie Time! Zorua in ""The Legend of the Pokémon Knight""!",BW038,
Season 14: Black & White,Reunion Battles In Nimbasa!,BW039,
Season 14: Black & White,"Cilan Versus Trip, Ash Versus Georgia!",BW040,
Season 14: Black & White,The Club Battle Hearts of Fury: Emolga Versus Sawk!,BW041,
Season 14: Black & White,Club Battle Finale: A Hero's Outcome!,BW042,
Season 14: Black & White,Meowth's Scrafty Tactics!,BW043,
Season 14: Black & White,Purrloin: Sweet or Sneaky?,BW044,
Season 14: Black & White,"Beheeyem, Duosion, and the Dream Thief!",BW045,
Season 14: Black & White,The Beartic Mountain Feud!,BW046,
Season 14: Black & White,Crisis From the Underground Up!,BW047,
Season 14: Black & White,Battle for the Underground!,BW048,
Season 15: Black & White: Rival Destinies,"Enter Elesa, Electrifying Gym Leader!",BW049,
Season 15: Black & White: Rival Destinies,Dazzling the Nimbasa Gym!,BW050,
Season 15: Black & White: Rival Destinies,Lost at the Stamp Rally!,BW051,
Season 15: Black & White: Rival Destinies,Ash Versus the Champion!,BW052,
Season 15: Black & White: Rival Destinies,A Maractus Musical!,BW053,
Season 15: Black & White: Rival Destinies,The Four Seasons of Sawsbuck!,BW054,
Season 15: Black & White: Rival Destinies,Scraggy and the Demanding Gothita!,BW055,
Season 15: Black & White: Rival Destinies,The Lonely Deino!,BW056,
Season 15: Black & White: Rival Destinies,The Mighty Accelguard to the Rescue!,BW057,
Season 15: Black & White: Rival Destinies,A Call for Brotherly Love!,BW058,
Season 15: Black & White: Rival Destinies,Stopping the Rage of Legends! (Part 1),BW059,
Season 15: Black & White: Rival Destinies,Stopping the Rage of Legends! (Part 2),BW060,
Season 15: Black & White: Rival Destinies,Battling the King of the Mines!,BW061,
Season 15: Black & White: Rival Destinies,Crisis at Chargestone Cave!,BW062,
Season 15: Black & White: Rival Destinies,Evolution Exchange Excitement!,BW063,
Season 15: Black & White: Rival Destinies,Explorers of the Hero's Ruin!,BW064,
Season 15: Black & White: Rival Destinies,Battling the Bully!,BW065,
Season 15: Black & White: Rival Destinies,Baffling the Bouffalant!,BW066,
Season 15: Black & White: Rival Destinies,Cilan Takes Flight!,BW067,
Season 15: Black & White: Rival Destinies,An Amazing Aerial Battle!,BW068,
Season 15: Black & White: Rival Destinies,Climbing the Tower of Success!,BW069,
Season 15: Black & White: Rival Destinies,The Clubsplosion Begins!,BW070,
Season 15: Black & White: Rival Destinies,Search for the Clubultimate!,BW071,
Season 15: Black & White: Rival Destinies,A Clubsplosion of Excitement!,BW072,
Season 15: Black & White: Rival Destinies,Commanding the Clubsplosion Crown!,BW073,
Season 15: Black & White: Rival Destinies,Battling the Leaf Thieves!,BW074,
Season 15: Black & White: Rival Destinies,A Restoration Confrontation! (Part 1),BW075,
Season 15: Black & White: Rival Destinies,A Restoration Confrontation! (Part 2),BW076,
Season 15: Black & White: Rival Destinies,Evolution by Fire!,BW077,
Season 15: Black & White: Rival Destinies,Guarding the Guardian of the Mountain!,BW078,
Season 15: Black & White: Rival Destinies,Caution: Icy Battle Conditions!,BW079,
Season 15: Black & White: Rival Destinies,Clash of the Connoisseurs!,BW080,
Season 15: Black & White: Rival Destinies,Crisis at Ferroseed Research!,BW081,
Season 15: Black & White: Rival Destinies,An Epic Defense Force!,BW082,
Season 15: Black & White: Rival Destinies,Rocking the Virbank Gym! (Part 1),BW083,
Season 15: Black & White: Rival Destinies,Rocking the Virbank Gym! (Part 2),BW084,
Season 15: Black & White: Rival Destinies,All for the Love of Meloetta!,BW085,
Season 15: Black & White: Rival Destinies,"Piplup, Pansage, and a Meeting of the Times!",BW086,
Pikachu Short,Sing Meloetta: Search for the Rinka Berries,PK23,Japan only
Season 15: Black & White: Rival Destinies,Expedition to Onix Island!,BW087,
Pikachu Short,Meloetta's Moonlight Serenade,PK24,
Season 15: Black & White: Rival Destinies,The Mystery of the Missing Cubchoo!,BW088,
Season 15: Black & White: Rival Destinies,Iris and the Rogue Dragonite!,BW089,
Season 15: Black & White: Rival Destinies,Jostling for the Junior Cup!,BW090,
Season 15: Black & White: Rival Destinies,Battling Authority Once Again!,BW091,
Season 15: Black & White: Rival Destinies,"Ash, Iris and Trip: Then There Were Three!",BW092,
Season 15: Black & White: Rival Destinies,"Goodbye, Junior Cup - Hello Adventure!",BW093,
Season 15: Black & White: Rival Destinies,The Road to Humilau!,BW094,
Season 15: Black & White: Rival Destinies,Unrest at the Nursery!,BW095,
Season 15: Black & White: Rival Destinies,Meloetta and the Undersea Temple!,BW096,
Season 15: Black & White: Rival Destinies,Unova's Survival Crisis!,BW097,
Movies,Pokémon the Movie: Kyurem vs. The Sword of Justice,M15,
Season 16: Black & White: Adventures in Unova,Beauties Battling for Pride and Prestige!,BW098,
Season 16: Black & White: Adventures in Unova,A Surface to Air Tag Battle Team!,BW099,
Season 16: Black & White: Adventures in Unova,A Village Homecoming!,BW100,
Season 16: Black & White: Adventures in Unova,"Drayden Versus Iris: Past, Present, and Future!",BW101,
Season 16: Black & White: Adventures in Unova,Team Eevee and the Pokémon Rescue Squad!,BW102,
Season 16: Black & White: Adventures in Unova,"Curtain Up, Unova League!",BW103,
Season 16: Black & White: Adventures in Unova,Mission: Defeat Your Rival!,BW104,
Season 16: Black & White: Adventures in Unova,Lost at the League!,BW105,
Season 16: Black & White: Adventures in Unova,Strong Strategy Steals the Show!,BW106,
Season 16: Black & White: Adventures in Unova,Cameron's Secret Weapon!,BW107,
Season 16: Black & White: Adventures in Unova,A Unova League Evolution!,BW108,
Season 16: Black & White: Adventures in Unova,New Places... Familiar Faces!,BW109,
Season 16: Black & White: Adventures in Unova,The Name's N!,BW110,
Season 16: Black & White: Adventures in Unova,There's a New Gym Leader in Town!,BW111,
Season 16: Black & White: Adventures in Unova,Team Plasma's Pokémon Power Plot!,BW112,
Season 16: Black & White: Adventures in Unova,The Light of Floccesy Ranch!,BW113,
Season 16: Black & White: Adventures in Unova,Saving Braviary!,BW114,
Season 16: Black & White: Adventures in Unova,The Pokémon Harbor Patrol!,BW115,
Season 16: Black & White: Adventures in Unova,The Fires of a Red-Hot Reunion!,BW116,
Season 16: Black & White: Adventures in Unova,Team Plasma's Pokémon Manipulation!,BW117,
Season 16: Black & White: Adventures in Unova,Secrets From Out of the Fog!,BW118,
Season 16: Black & White: Adventures in Unova,"Meowth, Colress and Team Rivalry!",BW119,
Season 16: Black & White: Adventures in Unova,Ash and N: A Clash of Ideals!,BW120,
Season 16: Black & White: Adventures in Unova,Team Plasma and the Awakening Ceremony!,BW121,
Season 16: Black & White: Adventures in Unova,What Lies Beyond Truth and Ideals!,BW122,
Season 16: Black & White: Adventures in Unova and Beyond,"Farewell, Unova! Setting Sail for New Adventures!",BW123,
Season 16: Black & White: Adventures in Unova and Beyond,"Danger, Sweet as Honey!",BW124,
Season 16: Black & White: Adventures in Unova and Beyond,Cilan and the Case of the Purrloin Witness!,BW125,
Season 16: Black & White: Adventures in Unova and Beyond,Crowning the Scalchop King!,BW126,
Season 16: Black & White: Adventures in Unova and Beyond,The Island of Illusions!,BW127,
Season 16: Black & White: Adventures in Unova and Beyond,To Catch a Rotom!,BW128,
Season 16: Black & White: Adventures in Unova and Beyond,The Pirates of Decolore!,BW129,
Season 16: Black & White: Adventures in Unova and Beyond,Butterfree and Me!,BW130,
Season 16: Black & White: Adventures in Unova and Beyond,The Path That Leads to Goodbye!,BW131,
Season 16: Black & White: Adventures in Unova and Beyond,Searching for a Wish!,BW132,
Season 16: Black & White: Adventures in Unova and Beyond,Capacia Island UFO!,BW133,
Pikachu Short,Eevee & Friends,PK25,
Special,Mewtwo — Prologue to Awakening,SPEC07,"Japan only web series (4 parts); prologue to M16, Never Dubbed"
Movies,Pokémon the Movie: Genesect and The Legend Awakened,M16,
Season 16: Black & White: Adventures in Unova and Beyond,The Journalist from Another Region!,BW134,
Season 16: Black & White: Adventures in Unova and Beyond,Mystery on a Deserted Island!,BW135,
Season 16: Black & White: Adventures in Unova and Beyond,A Pokémon of a Different Color!,BW136,
Season 16: Black & White: Adventures in Unova and Beyond,Celebrating the Hero's Comet!,BW137,
Season 16: Black & White: Adventures in Unova and Beyond,"Go, Go Gogoat!",BW138,
Season 16: Black & White: Adventures in Unova and Beyond,Team Rocket's Shocking Recruit!,BW139,
Season 16: Black & White: Adventures in Unova and Beyond,Survival of the Striaton Gym!,BW140,
Season 16: Black & White: Adventures in Unova and Beyond,Best Wishes Until We Meet Again!,BW141,
Season 16: Black & White: Adventures in Unova and Beyond,The Dream Continues!,BW142,
Special,Dent and Takeshi! Gyarados's Imperial Rage!!,BWS01,"Japan only, Never Dubbed"
Pokémon Origins,File 1: Red,PO01,
Pokémon Origins,File 2: Cubone,PO02,
Pokémon Origins,File 3: Giovanni,PO03,
Pokémon Origins,File 4: Charizard,PO04,
Season 17: XY,"Kalos, Where Dreams and Adventures Begin!",XY001,
Season 17: XY,Lumiose City Pursuit!,XY002,
Season 17: XY,A Battle of Aerial Mobility!,XY003,
Season 17: XY,A Shockingly Cheeky Friendship!,XY004,
Season 17: XY,A Blustery Santalune Gym Battle!,XY005,
Season 17: XY,Battling on Thin Ice!,XY006,
Season 17: XY,Giving Chase at the Rhyhorn Race!,XY007,
Season 17: XY,Grooming Furfrou!,XY008,
Season 17: XY,Clemont's Got a Secret!,XY009,
Season 17: XY,Mega-Mega Meowth Madness!,XY010,
Season 17: XY,The Bamboozling Forest!,XY011,
Season 17: XY,To Catch a Pokémon Smuggler!,XY012,
Season 17: XY,Kindergarten Chaos!,XY013,
Season 17: XY,Seeking Shelter from the Storm!,XY014,
Season 17: XY,An Appetite for Battle!,XY015,
Season 17: XY,A Jolting Switcheroo!,XY016,
Season 17: XY,A Rush of Ninja Wisdom!,XY017,
Season 17: XY,Awakening the Sleeping Giant!,XY018,
Season 17: XY,A Conspiracy to Conquer!,XY019,
Season 17: XY,Breaking Titles at the Chateau!,XY020,
Season 17: XY,A Pokévision of Things to Come!,XY021,
Special,Iris vs. Ibuki! The Road to Become a Dragon Master!!,BWS02,"Japan only, Never Dubbed"
Special,Mega Evolution Special I,XYS01,
Season 17: XY,Going for the Gold!,XY022,
Season 17: XY,Coming Back into the Cold!,XY023,
Season 17: XY,An Undersea Place to Call Home!,XY024,
Season 17: XY,Climbing the Walls!,XY025,
Season 17: XY,A Battle by Any Other Name!,XY026,
Season 17: XY,To Find a Fairy Flower!,XY027,
Season 17: XY,The Bonds of Evolution!,XY028,
Season 17: XY,Heroes - Friends and Faux Alike!,XY029,
Season 17: XY,Mega Revelations!,XY030,
Season 17: XY,The Cave of Trials!,XY031,
Season 17: XY,The Aura Storm!,XY032,
Season 17: XY,Calling from Beyond the Aura!,XY033,
Season 17: XY,The Bonds of Mega Evolution!,XY034,
Season 17: XY,The Forest Champion!,XY035,
Season 17: XY,Battles in the Sky!,XY036,
Season 17: XY,The Cave of Mirrors!,XY037,
Season 17: XY,Forging Forest Friendships!,XY038,
Pikachu Short,"Pikachu, What's This Key?",PK26,
Special,Diancie — Princess of the Diamond Domain,M17S,Japan only theatrical short; screened with M17
Movies,Pokémon the Movie: Diancie and the Cocoon of Destruction,M17,
Season 17: XY,Summer of Discovery!,XY039,
Season 17: XY,Day Three Blockbusters!,XY040,
Season 17: XY,Foggy Pokémon Orienteering!,XY041,
Season 17: XY,Battling into the Hall of Fame!,XY042,
Season 17: XY,Origins of Mega Evolution!,XY043,
Season 17: XY,Showdown at the Shalour Gym!,XY044,
Season 17: XY,Splitting Heirs!,XY045,
Season 17: XY,The Clumsy Crier Quiets the Chaos!,XY046,
Season 17: XY,Dreaming a Performer's Dream!,XY047,
Season 17: XY,A Campus Reunion!,XY048,
Season 17: XY,Bonnie for the Defense!,XY049,
Special,Mega Evolution Special II,XYS02,
Season 18: XY: Kalos Quest,Pathways to Performance Partnering!,XY050,
Season 18: XY: Kalos Quest,When Light and Dark Collide!,XY051,
Season 18: XY: Kalos Quest,A Stealthy Challenge!,XY052,
Season 18: XY: Kalos Quest,A Race for Home!,XY053,
Season 18: XY: Kalos Quest,Facing the Grand Design!,XY054,
Season 18: XY: Kalos Quest,A Slippery Encounter!,XY055,
Season 18: XY: Kalos Quest,One for the Goomy!,XY056,
Season 18: XY: Kalos Quest,Thawing an Icy Panic!,XY057,
Season 18: XY: Kalos Quest,"The Green, Green Grass Types of Home!",XY058,
Season 18: XY: Kalos Quest,Under the Pledging Tree!,XY059,
Season 18: XY: Kalos Quest,A Showcase Debut!,XY060,
Season 18: XY: Kalos Quest,An Oasis of Hope!,XY061,
Season 18: XY: Kalos Quest,"The Future Is Now, Thanks to Determination!",XY062,
Season 18: XY: Kalos Quest,A Fork in the Road! A Parting of the Ways!,XY063,
Season 18: XY: Kalos Quest,Battling with Elegance and a Big Smile!,XY064,
Special,Mega Evolution Special III,XYS03,
Season 18: XY: Kalos Quest,"Good Friends, Great Training!",XY065,
Season 18: XY: Kalos Quest,Confronting the Darkness!,XY066,
Season 18: XY: Kalos Quest,The Moment of Lumiose Truth!,XY067,
Season 18: XY: Kalos Quest,Garchomp's Mega Bond!,XY068,
Season 18: XY: Kalos Quest,Defending the Homeland!,XY069,
Season 18: XY: Kalos Quest,Beyond the Rainbow!,XY070,
Season 18: XY: Kalos Quest,So You're Having a Bad Day!,XY071,
Season 18: XY: Kalos Quest,Scary Hospitality!,XY072,
Season 18: XY: Kalos Quest,A Fashionable Battle!,XY073,
Season 18: XY: Kalos Quest,Fairy-Type Trickery!,XY074,
Season 18: XY: Kalos Quest,Rivals: Today and Tomorrow!,XY075,
Season 18: XY: Kalos Quest,A Not-So-Flying Start!,XY076,
Season 18: XY: Kalos Quest,A Relay in the Sky!,XY077,
Season 18: XY: Kalos Quest,Lights! Camera! Pika!,XY078,Aired out of order
Season 18: XY: Kalos Quest,A Frenzied Factory Fiasco!,XY079,
Season 18: XY: Kalos Quest,Performing with Fiery Charm!,XY080,
Season 18: XY: Kalos Quest,Rotom's Wish!,XY081,
Season 18: XY: Kalos Quest,A Festival Trade! A Festival Farewell?,XY082,
Pikachu Short,Pikachu and the Pokémon Music Squad,PK27,
Special,Hoopa — The Mischief Pokémon,M18S,Japan only theatrical short; screened with M18
Hoopa's Surprise Ring Adventures,Pikachu Is Found!,HSRA01,YouTube Exclusive
Hoopa's Surprise Ring Adventures,Chespin's Escapade!,HSRA02,YouTube Exclusive
Hoopa's Surprise Ring Adventures,Fennekin's Misadventure,HSRA03,YouTube Exclusive
Hoopa's Surprise Ring Adventures,Froakie's Big Adventure!,HSRA04,YouTube Exclusive
Hoopa's Surprise Ring Adventures,Goodra's Dazzling Adventure!,HSRA05,YouTube Exclusive
Hoopa's Surprise Ring Adventures,The Legendary Pokémon Adventure!,HSRA06,YouTube Exclusive
Movies,Pokémon the Movie: Hoopa and the Clash of Ages,M18,
Season 18: XY: Kalos Quest,Over the Mountain of Snow!,XY083,
Season 18: XY: Kalos Quest,Adventures in Running Errands!,XY084,
Season 18: XY: Kalos Quest,Mending a Broken Spirit!,XY085,
Season 18: XY: Kalos Quest,A Legendary Photo Op!,XY086,
Season 18: XY: Kalos Quest,The Tiny Caretaker!,XY087,
Season 18: XY: Kalos Quest,A Trip Down Memory Train!,XY088,
Season 18: XY: Kalos Quest,A Frolicking Find in the Flowers!,XY089,
Season 18: XY: Kalos Quest,Tag Team Battle Inspiration!,XY090,
Season 18: XY: Kalos Quest,A Performance Pop Quiz!,XY091,
Season 18: XY: Kalos Quest,"Cloudy Fate, Bright Future!",XY092,
Season 18: XY: Kalos Quest,All Eyes on the Future!,XY093,
Special,Mega Evolution Special IV,XYS04,
Season 19: XYZ,From A to Z!,XY094,
Season 19: XYZ,"Love Strikes! Eevee, Yikes!",XY095,
Season 19: XYZ,A Giga Battle with Mega Results!,XY096,
Season 19: XYZ,A Fiery Rite of Passage!,XY097,
Season 19: XYZ,Dream a Little Dream from Me!,XY098,
Season 19: XYZ,The Legend of the Ninja Hero!,XY099,
Season 19: XYZ,A Festival of Decisions!,XY100,
Season 19: XYZ,A Dancing Debut!,XY101,
Season 19: XYZ,Meeting at Terminus Cave!,XY102,
Season 19: XYZ,A Cellular Connection!,XY103,
Season 19: XYZ,A Windswept Encounter!,XY104,
Season 19: XYZ,Party Dancecapades!,XY105,
Season 19: XYZ,A Meeting of Two Journeys!,XY106,
Season 19: XYZ,An Explosive Operation!,XY107,
Season 19: XYZ,A Watershed Moment!,XY108,
Season 19: XYZ,Master Class Choices!,XY109,
Season 19: XYZ,An Electrifying Rage!,XY110,
Season 19: XYZ,Unlocking Some Respect!,XY111,
Season 19: XYZ,Master Class Is in Session!,XY112,
Season 19: XYZ,Performing a Pathway to the Future!,XY113,
Season 19: XYZ,A Keeper for Keeps?,XY114,
Season 19: XYZ,Battling at Full Volume!,XY115,
Season 19: XYZ,The Synchronicity Test!,XY116,
Season 19: XYZ,Making Friends and Influencing Villains!,XY117,
Season 19: XYZ,Championing a Research Battle!,XY118,
Season 19: XYZ,A Full-Strength Battle Surprise!,XY119,
Season 19: XYZ,All Hail the Ice Battlefield!,XY120,
Season 19: XYZ,Seeing the Forest for the Trees!,XY121,
Season 19: XYZ,A Real Icebreaker!,XY122,
Movies,Pokémon the Movie: Volcanion and the Mechanical Marvel,M19,
Season 19: XYZ,A Diamond in the Rough!,XY123,
Season 19: XYZ,A Gaggle of Gadget Greatness!,XY124,
Season 19: XYZ,A League of His Own!,XY125,
Season 19: XYZ,Valuable Experience for All!,XY126,
Season 19: XYZ,Analysis Versus Passion!,XY127,
Season 19: XYZ,A Riveting Rivalry!,XY128,
Season 19: XYZ,Kalos League Passion with a Certain Flare!,XY129,
Season 19: XYZ,Finals Not for the Faint-Hearted!,XY130,
Season 19: XYZ,Down to the Fiery Finish!,XY131,
Season 19: XYZ,A Towering Takeover!,XY132,
Season 19: XYZ,Coming Apart at the Dreams!,XY133,
Season 19: XYZ,The Right Hero for the Right Job!,XY134,
Season 19: XYZ,Rocking Kalos Defenses!,XY135,
Season 19: XYZ,Forming a More Perfect Union!,XY136,
Season 19: XYZ,Battling With a Clean Slate!,XY137,
Season 19: XYZ,The First Day of the Rest of Your Life!,XY138,
Season 19: XYZ,Facing the Needs of the Many!,XY139,
Season 19: XYZ,Till We Compete Again!,XY140,
Pokémon Generations,The Adventure,PG01,YouTube Exclusive
Pokémon Generations,The Chase,PG02,YouTube Exclusive
Pokémon Generations,The Challenger,PG03,YouTube Exclusive
Pokémon Generations,The Lake of Rage,PG04,YouTube Exclusive
Pokémon Generations,The Legacy,PG05,YouTube Exclusive
Pokémon Generations,The Reawakening,PG06,YouTube Exclusive
Pokémon Generations,The Vision,PG07,YouTube Exclusive
Pokémon Generations,The Cavern,PG08,YouTube Exclusive
Pokémon Generations,The Scoop,PG09,YouTube Exclusive
Pokémon Generations,The Old Chateau,PG10,YouTube Exclusive
Pokémon Generations,The New World,PG11,YouTube Exclusive
Pokémon Generations,The Magma Stone,PG12,YouTube Exclusive
Pokémon Generations,The Uprising,PG13,YouTube Exclusive
Pokémon Generations,The Frozen World,PG14,YouTube Exclusive
Pokémon Generations,The King Returns,PG15,YouTube Exclusive
Pokémon Generations,The Beauty Eternal,PG16,YouTube Exclusive
Pokémon Generations,The Investigation,PG17,YouTube Exclusive
Pokémon Generations,The Redemption,PG18,YouTube Exclusive
Special,"The Legend of X, Y and Z!",XYS05,
Special,The Strongest Duo! Citron and Dent!!,XYS06,"Japan only, Never Dubbed"
Season 20: Sun & Moon,Alola to a New Adventure!,SM001,
Season 20: Sun & Moon,The Guardian's Challenge!,SM002,
Season 20: Sun & Moon,Loading the Dex!,SM003,
Season 20: Sun & Moon,"First Catch in Alola, Ketchum-Style!",SM004,
Season 20: Sun & Moon,"Yo, Ho, Ho! Go, Popplio!",SM005,
Season 20: Sun & Moon,A Shocking Grocery Run!,SM006,
Season 20: Sun & Moon,That's Why the Litten is a Scamp!,SM007,
Season 20: Sun & Moon,Lillie's Egg-xhilarating Challenge!,SM008,
Season 20: Sun & Moon,To Top a Totem!,SM009,
Season 20: Sun & Moon,Trial and Tribulation!,SM010,
Season 20: Sun & Moon,Young Kiawe Had a Farm!,SM011,
Season 20: Sun & Moon,"The Sun, the Scare, the Secret Lair!",SM012,
Season 20: Sun & Moon,Racing to a Big Event!,SM013,
Season 20: Sun & Moon,Getting to Know You!,SM014,
Season 20: Sun & Moon,Rocking Clawmark Hill!,SM015,
Season 20: Sun & Moon,They Might Not Be Giants!,SM016,
Season 20: Sun & Moon,Crystal-Clear Sleuthing!,SM017,
Season 20: Sun & Moon,A Seasoned Search!,SM018,
Season 20: Sun & Moon,A Guardian Rematch!,SM019,
Season 20: Sun & Moon,Partner Promises!,SM020,
Season 20: Sun & Moon,"One Journey Ends, Another Begins…",SM021,
Season 20: Sun & Moon,A Shivering Shovel Search!,SM022,
Season 20: Sun & Moon,Getting the Band Back Together!,SM023,
Season 20: Sun & Moon,Alolan Open House!,SM024,
Season 20: Sun & Moon,A Team-on-Team Tussle!,SM025,
Season 20: Sun & Moon,"So Long, Sophocles!",SM026,
Season 20: Sun & Moon,A Glaring Rivalry!,SM027,
Season 20: Sun & Moon,Pulling Out the Pokémon Base Pepper!,SM028,
Season 20: Sun & Moon,Lulled to La-La Land!,SM029,
Season 20: Sun & Moon,The Ol' Raise and Switch!,SM030,
Season 20: Sun & Moon,The Island Whisperer!,SM031,
Season 20: Sun & Moon,"Treasure Hunt, Akala Style!",SM032,
Season 20: Sun & Moon,"Big Sky, Small Fry!",SM033,
Season 20: Sun & Moon,A Crowning Moment of Truth!,SM034,
Season 20: Sun & Moon,Currying Favor and Flavor!,SM035,
Season 20: Sun & Moon,Trials and Determinations!,SM036,
Season 20: Sun & Moon,Rising from the Ruins!,SM037,
Season 20: Sun & Moon,Mimikyu Unmasked!,SM038,
Season 20: Sun & Moon,Mallow and the Forest Teacher!,SM039,
Season 20: Sun & Moon,"Balloons, Brionne, and Belligerence!",SM040,
Season 20: Sun & Moon,Mounting an Electrifying Charge!,SM041,
Season 20: Sun & Moon,"Alola, Kanto!",SM042,
Season 20: Sun & Moon,When Regions Collide!,SM043,
Movies,Pokémon the Movie: I Choose You!,M20,
Season 21: Sun & Moon - Ultra Adventures,A Dream Encounter!,SM044,
Season 21: Sun & Moon - Ultra Adventures,"Now You See Them, Now You Don't!",SM045,
Season 21: Sun & Moon - Ultra Adventures,Deceiving Appearances!,SM046,
Season 21: Sun & Moon - Ultra Adventures,A Masked Warning!,SM047,
Season 21: Sun & Moon - Ultra Adventures,Night of a Thousand Poses!,SM048,
Season 21: Sun & Moon - Ultra Adventures,Mission: Total Recall!,SM049,
Season 21: Sun & Moon - Ultra Adventures,Faba's Revenge!,SM050,
Season 21: Sun & Moon - Ultra Adventures,Family Determination!,SM051,
Season 21: Sun & Moon - Ultra Adventures,Revealing the Stuff of Legend!,SM052,
Season 21: Sun & Moon - Ultra Adventures,Rescuing the Unwilling!,SM053,
Season 21: Sun & Moon - Ultra Adventures,"10,000,000 Reasons to Fight!",SM054,
Season 21: Sun & Moon - Ultra Adventures,The Professors' New Adventure!,SM055,
Season 21: Sun & Moon - Ultra Adventures,Let Sleeping Pokémon Lie!,SM056,
Season 21: Sun & Moon - Ultra Adventures,The Dex Can't Help It!,SM057,
Season 21: Sun & Moon - Ultra Adventures,Fighting Back the Tears!,SM058,
Season 21: Sun & Moon - Ultra Adventures,Tasting the Bitter with the Sweet!,SM059,
Season 21: Sun & Moon - Ultra Adventures,Getting a Jump on the Competition!,SM060,
Season 21: Sun & Moon - Ultra Adventures,A Mission of Ultra Urgency!,SM061,
Season 21: Sun & Moon - Ultra Adventures,Acting True to Form!,SM062,
Season 21: Sun & Moon - Ultra Adventures,Pushing the Fiery Envelope!,SM063,
Season 21: Sun & Moon - Ultra Adventures,Satoshi and Nagetukesaru! Touchdown of Friendship!!,SM064,"Banned: blackface, Skipped in India"
Season 21: Sun & Moon - Ultra Adventures,Turning Heads and Training Hard!,SM065,
Season 21: Sun & Moon - Ultra Adventures,Smashing with Sketch!,SM066,
Season 21: Sun & Moon - Ultra Adventures,Love at First Twirl!,SM067,
Season 21: Sun & Moon - Ultra Adventures,Real Life …Inquire Within!,SM068,
Season 21: Sun & Moon - Ultra Adventures,"Rise and Shine, Starship!",SM069,
Season 21: Sun & Moon - Ultra Adventures,The Young Flame Strikes Back!,SM070,
Season 21: Sun & Moon - Ultra Adventures,Dewpider Ascending!,SM071,
Season 21: Sun & Moon - Ultra Adventures,Sours for the Sweet!,SM072,
Season 21: Sun & Moon - Ultra Adventures,Why Not Give Me a Z-Ring Sometime?,SM073,
Season 21: Sun & Moon - Ultra Adventures,Tough Guy Trials!,SM074,
Season 21: Sun & Moon - Ultra Adventures,Some Kind of Laziness!,SM075,
Season 21: Sun & Moon - Ultra Adventures,A Battle Hand-Off!,SM076,
Season 21: Sun & Moon - Ultra Adventures,Guiding an Awakening!,SM077,
Season 21: Sun & Moon - Ultra Adventures,Twirling with a Bang!,SM078,
Season 21: Sun & Moon - Ultra Adventures,Showering the World with Love!,SM079,
Season 21: Sun & Moon - Ultra Adventures,Not Caving Under Pressure!,SM080,
Season 21: Sun & Moon - Ultra Adventures,A Young Royal Flame Ignites!,SM081,
Season 21: Sun & Moon - Ultra Adventures,"All They Want to Do is Dance, Dance!",SM082,
Season 21: Sun & Moon - Ultra Adventures,"Dummy, You Shrunk the Kids!",SM083,
Season 21: Sun & Moon - Ultra Adventures,The Shape of Love to Come!,SM084,
Season 21: Sun & Moon - Ultra Adventures,The Long Vault Home!,SM085,
Season 21: Sun & Moon - Ultra Adventures,I Choose Paradise!,SM086,
Season 21: Sun & Moon - Ultra Adventures,Filling the Light with Darkness!,SM087,
Season 21: Sun & Moon - Ultra Adventures,Full Moon and Many Arms!,SM088,
Season 21: Sun & Moon - Ultra Adventures,The Prism Between Light and Darkness,SM089,
Season 21: Sun & Moon - Ultra Adventures,Securing the Future!,SM090,
Season 21: Sun & Moon - Ultra Adventures,A Plethora of Pikachu!,SM091,
Season 21: Sun & Moon - Ultra Adventures,Turning the Other Mask!,SM092,
Movies,Pokémon the Movie: The Power of Us,M21,
Season 22: Sun & Moon - Ultra Legends,Lillier and the Staff!,SM093,
Season 22: Sun & Moon - Ultra Legends,A Haunted House for Everyone!,SM094,
Season 22: Sun & Moon - Ultra Legends,Sparking Confusion!,SM095,
Season 22: Sun & Moon - Ultra Legends,Don't Ignore the Small Stufful!,SM096,
Season 22: Sun & Moon - Ultra Legends,No Stone Unturned!,SM097,
Season 22: Sun & Moon - Ultra Legends,"Bright Lights, Big Changes!",SM098,
Season 22: Sun & Moon - Ultra Legends,"We Know Where You're Going, Eevee!",SM099,
Season 22: Sun & Moon - Ultra Legends,Battling the Beast Within!,SM100,
Season 22: Sun & Moon - Ultra Legends,Parallel Friendships!,SM101,
Season 22: Sun & Moon - Ultra Legends,"Alola, Alola!",SM102,
Season 22: Sun & Moon - Ultra Legends,Heart of Fire! Heart of Stone!,SM103,
Season 22: Sun & Moon - Ultra Legends,That's Some Spicy Island Research!,SM104,
Season 22: Sun & Moon - Ultra Legends,Showdown on Poni Island!,SM105,
Season 22: Sun & Moon - Ultra Legends,Evolving Research!,SM106,
Season 22: Sun & Moon - Ultra Legends,"Run, Heroes, Run!",SM107,
Season 22: Sun & Moon - Ultra Legends,Memories in the Mist!,SM108,
Season 22: Sun & Moon - Ultra Legends,A Grand Debut!,SM109,
Season 22: Sun & Moon - Ultra Legends,Keeping Your Eyes on the Ball!,SM110,
Season 22: Sun & Moon - Ultra Legends,Show Me the Metal!,SM111,
Season 22: Sun & Moon - Ultra Legends,Got Meltan?,SM112,
Season 22: Sun & Moon - Ultra Legends,This Magik Moment!,SM113,
Season 22: Sun & Moon - Ultra Legends,Beauty is Only Crystal Deep!,SM114,
Season 22: Sun & Moon - Ultra Legends,The Dealer of Destruction!,SM115,
Season 22: Sun & Moon - Ultra Legends,The Secret Princess!,SM116,
Season 22: Sun & Moon - Ultra Legends,Drawn with the Wind!,SM117,
Season 22: Sun & Moon - Ultra Legends,Aiming for the Top Floor!,SM118,
Season 22: Sun & Moon - Ultra Legends,A High-Speed Awakening!,SM119,
Season 22: Sun & Moon - Ultra Legends,The One That Didn't Get Away!,SM120,
Season 22: Sun & Moon - Ultra Legends,A Recipe for Success!,SM121,
Season 22: Sun & Moon - Ultra Legends,Spying for the Big Guy!,SM122,
Season 22: Sun & Moon - Ultra Legends,A Fiery Training Camp Trick!,SM123,
Season 22: Sun & Moon - Ultra Legends,Living on the Cutting Edge!,SM124,
Season 22: Sun & Moon - Ultra Legends,A Timeless Encounter!,SM125,
Season 22: Sun & Moon - Ultra Legends,Pikachu's Exciting Adventure!,SM126,
Season 22: Sun & Moon - Ultra Legends,"Chasing Memories, Creating Dreams!",SM127,
Season 22: Sun & Moon - Ultra Legends,League Offenders and Defenders!,SM128,
Season 22: Sun & Moon - Ultra Legends,Battle Royal 151!,SM129,
Season 22: Sun & Moon - Ultra Legends,Battling Besties!,SM130,
Season 22: Sun & Moon - Ultra Legends,The Battlefield of Truth and Love!,SM131,
Season 22: Sun & Moon - Ultra Legends,Imitation Is the Sincerest Form of Strategy!,SM132,
Season 22: Sun & Moon - Ultra Legends,Battling on the Wing!,SM133,
Season 22: Sun & Moon - Ultra Legends,The Road to The Semifinals!,SM134,
Season 22: Sun & Moon - Ultra Legends,The Final Four!,SM135,
Season 22: Sun & Moon - Ultra Legends,Getting Down to The Ire!,SM136,
Season 22: Sun & Moon - Ultra Legends,The Wisdom Not To Run!,SM137,
Season 22: Sun & Moon - Ultra Legends,Final Rivals!,SM138,
Season 22: Sun & Moon - Ultra Legends,Enter the Champion!,SM139,
Season 22: Sun & Moon - Ultra Legends,Z-Move Showdown!,SM140,
Season 22: Sun & Moon - Ultra Legends,Exhibition Unmasked!,SM141,
Season 22: Sun & Moon - Ultra Legends,A Full Battle Bounty!,SM142,
Season 22: Sun & Moon - Ultra Legends,Fiery Surprises!,SM143,
Season 22: Sun & Moon - Ultra Legends,From Z to Shining Z!,SM144,
Season 22: Sun & Moon - Ultra Legends,Dreams of the Sun and Moon!,SM145,
Season 22: Sun & Moon - Ultra Legends,"Thank You, Alola! The Journey Continues!",SM146,
Movies,Pokémon: Mewtwo Strikes Back - Evolution,M22,Netflix Exclusive (outside Japan)
Pokémon: Twilight Wings,Letter,TW01,YouTube Exclusive
Pokémon: Twilight Wings,Training,TW02,YouTube Exclusive
Pokémon: Twilight Wings,Early-Evening Waves,TW03,YouTube Exclusive
Pokémon: Twilight Wings,Buddy,TW04,YouTube Exclusive
Pokémon: Twilight Wings,Assistant,TW05,YouTube Exclusive
Pokémon: Twilight Wings,Moonlight,TW06,YouTube Exclusive
Pokémon: Twilight Wings,Sky,TW07,YouTube Exclusive
Pokémon: Twilight Wings,The Gathering of Stars,TW08,YouTube Exclusive
Pokémon: Twilight Wings,LETTER (Bonus OVA Short),TWS01,"YouTube Exclusive, Japan only, Never Dubbed"
Season 23: Journeys,Enter Pikachu!,JN001,
Season 23: Journeys,Legend? Go! Friends? Go!,JN002,
Season 23: Journeys,Ivysaur's Mysterious Tower!,JN003,
Season 23: Journeys,Settling the Scorbunny!,JN004,
Season 23: Journeys,Mind-Boggling Dynamax!,JN005,
Season 23: Journeys,Working My Way Back to Mew!,JN006,
Season 23: Journeys,Serving Up the Flute Cup!,JN007,
Season 23: Journeys,The Sinnoh Iceberg Race!,JN008,
Season 23: Journeys,Finding a Legend!,JN009,
Season 23: Journeys,A Test in Paradise!,JN010,
Season 23: Journeys,Best Friend… Worst Nightmare!,JN011,
Season 23: Journeys,Flash of the Titans!,JN012,
Season 23: Journeys,The Climb to Be the Very Best!,JN013,
Season 23: Journeys,Raid Battle in The Ruins!,JN014,
Season 23: Journeys,A Snow Day for Searching!,JN015,
Season 23: Journeys,A Chilling Curse!,JN016,
Season 23: Journeys,Kicking It from Here Into Tomorrow!,JN017,
Season 23: Journeys,Destination: Coronation!,JN018,
Season 23: Journeys,A Talent for Imitation!,JN019,
Season 23: Journeys,Dreams Are Made of These!,JN020,
Season 23: Journeys,Caring for a Mystery!,JN021,
Season 23: Journeys,"Goodbye, Friend!",JN022,
Season 23: Journeys,Panic in the Park!!,JN023,
Season 23: Journeys,A Little Rocket R & R!,JN024,
Season 23: Journeys,A Festival Reunion!,JN025,
Season 23: Journeys,"Splash, Dash, and Smash for the Crown! Slowking's Crowning!",JN026,
Season 23: Journeys,Toughing It Out!,JN027,
Season 23: Journeys,Sobbing Sobble!,JN028,
Season 23: Journeys,There's a New Kid in Town!,JN029,
Season 23: Journeys,"Betrayed, Bothered, and Beleaguered!",JN030,
Season 23: Journeys,The Cuteness Quotient!,JN031,
Season 23: Journeys,Time After Time!,JN032,
Season 23: Journeys,"Trade, Borrow, and Steal!",JN033,
Season 23: Journeys,Solitary and Menacing!,JN034,
Season 23: Journeys,Gotta Catch a What?!,JN035,
Season 23: Journeys,Making Battles in the Sand!,JN036,
Season 23: Journeys,That New Old Gang of Mine!,JN037,
Season 23: Journeys,Restore and Renew!,JN038,
Season 23: Journeys,Octo-Gridlock at the Gym!,JN039,
Season 23: Journeys,A Crackling Raid Battle!,JN040,
Season 23: Journeys,Pikachu Translation Check… Up to Your Neck!,JN041,
Season 23: Journeys,"Sword and Shield, Slumbering Weald!",JN042,
Season 23: Journeys,Sword and Shield: The Darkest Day!,JN043,
Season 23: Journeys,"Sword and Shield: ""From Here to Eternatus!""",JN044,
Season 23: Journeys,Sword and Shield… The Legends Awaken!,JN045,
Season 23: Journeys,Getting More Than You Battled For!,JN046,
Season 23: Journeys,Crowning the Chow Crusher!,JN047,
Season 23: Journeys,A Close Call… Practically!,JN048,
Movies,Pokémon the Movie: Secrets of the Jungle,M23,
Pokémon Evolutions,The Champion,PE01,YouTube Exclusive
Pokémon Evolutions,The Rival,PE02,YouTube Exclusive
Pokémon Evolutions,The Visionary,PE03,YouTube Exclusive
Pokémon Evolutions,The Student,PE04,YouTube Exclusive
Pokémon Evolutions,The Sorcerer,PE05,YouTube Exclusive
Pokémon Evolutions,The Wish,PE06,YouTube Exclusive
Pokémon Evolutions,The Show,PE07,YouTube Exclusive
Pokémon Evolutions,The Discovery,PE08,YouTube Exclusive
Season 24: Master Journeys,"To Train, or Not to Train!",JN049,
Season 24: Master Journeys,"A Pinch of This, a Pinch of That!",JN050,
Season 24: Master Journeys,Trials of a Budding Master!,JN051,
Season 24: Master Journeys,How Are You Gonna Keep 'Em Off of the Farm?,JN052,
Season 24: Master Journeys,Healing the Healer!,JN053,
Season 24: Master Journeys,Sobble Spies a Stealthy Strategy!,JN054,
Season 24: Master Journeys,The Tale of You and Glimwood Tangle!,JN055,
Season 24: Master Journeys,Searching for Chivalry!,JN056,
Season 24: Master Journeys,Memories of a Warming Kindness!,JN057,
Season 24: Master Journeys,A Rollicking Roll... Eyes on the Goal!,JN058,
Season 24: Master Journeys,When a House is Not a Home!,JN059,
Season 24: Master Journeys,Beyond Chivalry... Aiming to be a Leek Master!,JN060,
Season 24: Master Journeys,Searching for Service with a Smile!,JN061,
Season 24: Master Journeys,Not Too Close for Comfort!,JN062,
Season 24: Master Journeys,"On Land, In the Sea, and to the Future!",JN063,
Season 24: Master Journeys,Absol Absolved!,JN064,
Season 24: Master Journeys,Thrash of the Titans!,JN065,
Season 24: Master Journeys,Under Color of Darkness!,JN066,
Season 24: Master Journeys,Sleuths for Truth!,JN067,
Season 24: Master Journeys,Advice to Goh!,JN068,
Season 24: Master Journeys,Errand Endurance!,JN069,
Season 24: Master Journeys,Take My Thief! Please!,JN070,
Season 24: Master Journeys,Leaping Toward the Dream!,JN071,
Season 24: Master Journeys,Everybody's Doing the Underground Shuffle!,JN072,
Season 24: Master Journeys,Grabbing the Brass Ring!,JN073,
Season 24: Master Journeys,Nightfall? Nightmares!,JN074,
Season 24: Master Journeys,A Midsummer Night's Light!,JN075,
Season 24: Master Journeys,"All Out, All of the Time!",JN076,
Season 24: Master Journeys,Ultra Exciting from the Shocking Start!,JN077,
Season 24: Master Journeys,Detective Drizzile!,JN078,
Season 24: Master Journeys,"Night and Day, You are the Ones!",JN079,
Season 24: Master Journeys,Trial on a Golden Scale!,JN080,
Season 24: Master Journeys,Mad About Blue!,JN081,
Season 24: Master Journeys,The Sweet Taste of Battle!,JN082,
Season 24: Master Journeys,"Star Night, Star Flight!",JN083,
Season 24: Master Journeys,An Adventure of Mega Proportions!,JN084,
Season 24: Master Journeys,Battle Three With Bea!,JN085,
Season 24: Master Journeys,A Battle of Mega Versus Max!,JN086,
Season 24: Master Journeys,Breaking the Ice!,JN087,
Season 24: Master Journeys,Looking Out for Number Two!,JN088,
Season 24: Master Journeys,The Gates of Warp!,JN089,
Season 24: Master Journeys,Showdown at the Gates of Warp!,JN090,
Pokémon: Hisuian Snow,A Peculiar Pokémon,HIS01,YouTube Exclusive
Pokémon: Hisuian Snow,Inexperienced,HIS02,YouTube Exclusive
Pokémon: Hisuian Snow,Chains,HIS03,YouTube Exclusive
Season 25: Ultimate Journeys,The Spectral Express!,JN091,
Season 25: Ultimate Journeys,The Winding Path to Greatness!,JN092,
Season 25: Ultimate Journeys,It's All in the Name!,JN093,
Season 25: Ultimate Journeys,Suffering the Flings and Arrows!,JN094,
Pokémon: The Arceus Chronicles,Pokémon: The Arceus Chronicles - Part 1 (Advent of Arceus),JNS04a,Aired as 4 separate episodes in Japan; combined into 1 special internationally
Pokémon: The Arceus Chronicles,Pokémon: The Arceus Chronicles - Part 2 (Trials of Arceus),JNS04b,Aired as 4 separate episodes in Japan; combined into 1 special internationally
Pokémon: The Arceus Chronicles,Pokémon: The Arceus Chronicles - Part 3 (The Bells of Arceus),JNS04c,Aired as 4 separate episodes in Japan; combined into 1 special internationally
Pokémon: The Arceus Chronicles,Pokémon: The Arceus Chronicles - Part 4 (The Forest of Eternal Night),JNS04d,Aired as 4 separate episodes in Japan; combined into 1 special internationally
Season 25: Ultimate Journeys,"The Good, The Bad, and The Lucky!",JN095,
Season 25: Ultimate Journeys,Lighting the Way Home!,JN096,
Season 25: Ultimate Journeys,An Evolution in Taste!,JN097,
Season 25: Ultimate Journeys,Out of Their Elements!,JN098,
Season 25: Ultimate Journeys,Battling Turned Up to Eleven!,JN099,
Season 25: Ultimate Journeys,Meeting Up with the Monarch!,JN100,
Season 25: Ultimate Journeys,A One-Stick Wonder!,JN101,
Season 25: Ultimate Journeys,Battling in the Freezing Raid!,JN102,
Season 25: Ultimate Journeys,"The Future is Now, Thanks to Strategy!",JN103,
Season 25: Ultimate Journeys,Taking Two For The Team!,JN104,
Season 25: Ultimate Journeys,Reuniting for the First Time!,JN105,
Season 25: Ultimate Journeys,Radio Lulled the Mischievous Stars!,JN106,
Season 25: Ultimate Journeys,Big Brother to the Rescue!,JN107,
Season 25: Ultimate Journeys,Catching the Aura of Fate!,JN108,
Season 25: Ultimate Journeys,Aim For The Eight!,JN109,
Season 25: Ultimate Journeys,Narrowing the Chaser Chase!,JN110,
Season 25: Ultimate Journeys,The Homecoming Crown!,JN111,
Season 25: Ultimate Journeys,Helping the Hometown Hero!,JN112,
Season 25: Ultimate Journeys,Chasing to the Finish!,JN113,
Season 25: Ultimate Journeys,"Friends, Rivals, Lend Me Your Spirit!",JN114,
Season 25: Ultimate Journeys,Curtain Up! Fight the Fights!,JN115,
Season 25: Ultimate Journeys,Pride of a Champion!,JN116,
Season 25: Ultimate Journeys,The Fiery Road to Mastership!,JN117,
Season 25: Ultimate Journeys,Battling as Hard as Stone!,JN118,
Season 25: Ultimate Journeys,Koharu and Eievui - The Miracle of Evolution,JN119,"Japan only, Never Dubbed, clip episode"
Season 25: Ultimate Journeys,Infinite Possibilities!,JN120,
Season 25: Ultimate Journeys,The Climax Begins! Satoshi's Masters Tournament Experience!!,JN121,"Japan only, Never Dubbed, clip episode"
Season 25: Ultimate Journeys,It's… Champion Time!,JN122,
Season 25: Ultimate Journeys,"Bewitch, Battle, and Bewilder!",JN123,
Season 25: Ultimate Journeys,Valor: A Strategic Part of Battling!,JN124,
Season 25: Ultimate Journeys,Whittle While You Work!,JN125,
Season 25: Ultimate Journeys,GO FOR DREAM! Go's Road to Mew!!,JN126,"Japan only, Never Dubbed, clip episode"
Season 25: Ultimate Journeys,Just a Scone's Throw From Here!,JN127,
Season 25: Ultimate Journeys,Climax! The Night Before the Decisive Battle! Satoshi VS Dande!!,JN128,"Japan only, Never Dubbed, clip episode"
Season 25: Ultimate Journeys,A Flood of Torrential Gains!,JN129,
Season 25: Ultimate Journeys,Toying With Your Motions!,JN130,
Season 25: Ultimate Journeys,Paring Pokémon While Parrying!,JN131,
Season 25: Ultimate Journeys,Partners in Time!,JN132,
Season 25: Ultimate Journeys,The Mew from Here!,JN133,
Season 25: Ultimate Journeys,In the Palms of our Hands!,JN134,
Season 25: Ultimate Journeys,Heroes Unite!,JN135,
Season 25: Ultimate Journeys,These Could be the Starts of Something Big!,JN136,
Special,Distant Blue Sky!,JNS05,
Season 25: Ultimate Journeys,The Road Most Traveled!,JN137,
Season 25: Ultimate Journeys,A Fated Face-Off!,JN138,
Season 25: Ultimate Journeys,Must Be Our Heroes and the Witch!,JN139,
Season 25: Ultimate Journeys,Bearing Down Easy!,JN140,
Season 25: Ultimate Journeys,A Squad's Worth of Passion!,JN141,
Season 25: Ultimate Journeys,"The Same Moon, Now and Forever!",JN142,
Season 25: Ultimate Journeys,"Ride, Lapras, Ride!",JN143,
Season 25: Ultimate Journeys,Getting to the Heart of it All!,JN144,
Season 25: Ultimate Journeys,Rocket Revengers!,JN145,
Season 25: Ultimate Journeys,Ash and Latios,JN146,
Season 25: Ultimate Journeys,The Rainbow and the Pokémon Master!,JN147,
Season 25: Ultimate Journeys,"Found You, Latias!",JN148,"Japan only, Never Dubbed; Aim to Be a Pokémon Master arc (Jan–Mar 2023)"
Season 25: Ultimate Journeys,Rivals in Sinnoh! Pokémon Battle!!,JN149,"Japan only, Never Dubbed; Aim to Be a Pokémon Master arc (Jan–Mar 2023)"
Season 25: Ultimate Journeys,A Pokémon for Everyone!,JN150,"Japan only, Never Dubbed; Aim to Be a Pokémon Master arc (Jan–Mar 2023)"
Season 25: Ultimate Journeys,The Stray Jiggly!,JN151,"Japan only, Never Dubbed; Aim to Be a Pokémon Master arc (Jan–Mar 2023)"
Season 25: Ultimate Journeys,The Legend of the Heroes,JN152,"Japan only, Never Dubbed; Aim to Be a Pokémon Master arc (Jan–Mar 2023)"
Season 25: Ultimate Journeys,"Pokémon, I Choose You! (Remake Revisit)",JN153,"Japan only, Never Dubbed; Aim to Be a Pokémon Master arc (Jan–Mar 2023)"
Season 25: Ultimate Journeys,"Farewell, Ash! Setting off on a New Journey!",JN154,"Japan only, Never Dubbed; Aim to Be a Pokémon Master arc (Jan–Mar 2023)"
Season 25: Ultimate Journeys,"Butterfree and Me, Reunited",JN155,"Japan only, Never Dubbed; Aim to Be a Pokémon Master arc (Jan–Mar 2023)"
Season 25: Ultimate Journeys,Last Battle! Ash vs. Misty! vs. Brock!!,JN156,"Japan only, Never Dubbed; Aim to Be a Pokémon Master arc (Jan–Mar 2023)"
Season 25: Ultimate Journeys,Liko and Roy — The New Generation,JN157,"Japan only, Never Dubbed; Aim to Be a Pokémon Master arc (Jan–Mar 2023)"
Season 25: Ultimate Journeys,Aim to Be a Pokémon Master!,JN158,"Japan only, Never Dubbed; Aim to Be a Pokémon Master arc (Jan–Mar 2023)"
Season 26: Pokémon Horizons,The Pendant That Starts It All: Part One,HZ001,
Season 26: Pokémon Horizons,The Pendant That Starts It All: Part Two,HZ002,
Season 26: Pokémon Horizons,For Sure! Because Sprigatito's with Me!,HZ003,
Season 26: Pokémon Horizons,The Treasure After the Storm!,HZ004,
Season 26: Pokémon Horizons,"Found You, Fuecoco!",HZ005,
Season 26: Pokémon Horizons,The Ancient Poké Ball!,HZ006,
Season 26: Pokémon Horizons,Special Training with Cap!,HZ007,
Season 26: Pokémon Horizons,The Door That Never Opens!,HZ008,
Season 26: Pokémon Horizons,Welcome to Paldea!,HZ009,
Season 26: Pokémon Horizons,Nemona and Brassius and...,HZ010,
Season 26: Pokémon Horizons,Arboliva's Forest,HZ011,
Season 26: Pokémon Horizons,The Future I Choose!,HZ012,
Season 26: Pokémon Horizons,An Unexpected Picnic!,HZ013,
Season 26: Pokémon Horizons,Fly! Wattrel!,HZ014,
Season 26: Pokémon Horizons,Someone We Can't See! Whosawhatsit?,HZ015,
Season 26: Pokémon Horizons,"Quaxly, We Can Do It!",HZ016,
Season 26: Pokémon Horizons,Special Training Time!,HZ017,
Season 26: Pokémon Horizons,"Flying Pikachu, Rising Higher and Higher!",HZ018,
Season 26: Pokémon Horizons,The Truth About Alcremie!,HZ019,
Season 26: Pokémon Horizons,Kabu's Battle Training!,HZ020,
Season 26: Pokémon Horizons,The Lonely Hatenna,HZ021,
Season 26: Pokémon Horizons,Charge! Galar Mine!,HZ022,
Season 26: Pokémon Horizons,Fiery Galarian Moltres,HZ023,
Season 26: Pokémon Horizons,Reunion at the Castle!,HZ024,
Season 26: Pokémon Horizons,Rivals in the Dark Night!,HZ025,
Season 26: Pokémon Horizons,Terapagos's Adventure,HZ026,
Season 26: Pokémon Horizons,As Long as I'm with My Friends,HZ027,
Season 26: Pokémon Horizons,The Stolen Treasure,HZ028,
Season 26: Pokémon Horizons,Oria and the Poké Ball Smith,HZ029,
Season 26: Pokémon Horizons,Slip and Crash! A Mystery Pokémon?,HZ030,
Season 26: Pokémon Horizons,Song Within the Mist,HZ031,
Season 26: Pokémon Horizons,Lapras's Feelings for Its Friends,HZ032,
Season 26: Pokémon Horizons,Roaring Galarian Zapdos,HZ033,
Season 26: Pokémon Horizons,Respective Departures,HZ034,
Season 26: Pokémon Horizons,A Duo in the Wilderness: Friede and Cap,HZ035,
Season 26: Pokémon Horizons,Operation Oinkologne!,HZ036,
Season 26: Pokémon Horizons,"Fuecoco, Becoming a Crook?!",HZ037,
Season 26: Pokémon Horizons,The SOS from Tandemaus?,HZ038,
Season 26: Pokémon Horizons,Tinkatink's Ideal Hammer,HZ039,
Season 26: Pokémon Horizons,"Farewell, Sprigatito?",HZ040,
Season 26: Pokémon Horizons,The Intense Mom!,HZ041,
Season 26: Pokémon Horizons,"Transform! The Hero of the Sea, Palafin",HZ042,
Season 26: Pokémon Horizons,A Letter from the Explorers,HZ043,
Season 26: Pokémon Horizons,The Plan to Capture Terapagos,HZ044,
Season 26: Pokémon Horizons,The Faraway Title,HZ045,
Season 27: The Search for Laqua,How Thrilling! Naranja Academy,HZ046,
Season 27: The Search for Laqua,"Liko and Floragato, Put Your Heart Into It!",HZ047,
Season 27: The Search for Laqua,"Shine, Sparkling Terastal!",HZ048,
Season 27: The Search for Laqua,Dot and Nidothing,HZ049,
Season 27: The Search for Laqua,"Dance, Quaxwell! Paldean Terastal Dance!",HZ050,
Season 27: The Search for Laqua,A Prickly Floragato?! The Mysterious Pillar of Thorns,HZ051,
Season 27: The Search for Laqua,"Kaiden, High-Voltage Turbulence!",HZ052,
Season 27: The Search for Laqua,Hatenna and the Uncommunicative,HZ053,
Season 27: The Search for Laqua,The Eternal Blessing,HZ054,
Season 27: The Search for Laqua,The Confrontation! Paldea Elite Four,HZ055,
Season 27: The Search for Laqua,Liko vs. Rika! Beyond the Battle,HZ056,
Season 27: The Search for Laqua,A Terapagos I Don't Know,HZ057,
Season 27: The Search for Laqua,"The King of the Forest, Serperior!",HZ058,
Season 27: The Search for Laqua,The First Terastal Battle! Roy vs. Brassius,HZ059,
Season 27: The Search for Laqua,The Snowy Mountain Illusion!,HZ060,
Season 27: The Search for Laqua,Resounding Soul! Roy vs. Ryme,HZ061,
Season 27: The Search for Laqua,Fuecoco's Song in the Wind!,HZ062,
Season 27: The Search for Laqua,Dot and Tinkatink! An Unexpected Encounter,HZ063,
Season 27: The Search for Laqua,The Culinary Showdown! Dot vs. Larry,HZ064,
Season 27: The Search for Laqua,The Elite Four Appears! Challengers of Naranja Academy,HZ065,
Season 27: The Search for Laqua,Liko vs. Amethio!,HZ066,
Season 27: The Search for Laqua,The Brilliance of Terastal!,HZ067,
Season 27: The Search for Laqua,"To the Sky, To the Sea! A New Departure",HZ068,
Season 27: The Search for Laqua,The Secret of the Ancient Poke Ball,HZ069,
Season 27: The Search for Laqua,The Ancient Pokémon's Roar,HZ070,
Season 27: The Search for Laqua,The Meeting at the Ruins,HZ071,
Season 27: The Search for Laqua,Pursuit! The Location of Laqua,HZ072,
Season 27: The Search for Laqua,The Final Training of Naranja Academy,HZ073,
Season 27: The Search for Laqua,The Climax of the Terastal Debut,HZ074,
Season 27: The Search for Laqua,The Legend of the Six Heroes,HZ075,
Season 27: The Search for Laqua,The Power of Terapagos Unveiled,HZ076,
Season 27: The Search for Laqua,The True Identity of the Explorers,HZ077,
Season 27: The Search for Laqua,The Gateway to Laqua,HZ078,
Season 27: The Search for Laqua,A Battle of Wills! Liko vs. Roy,HZ079,
Season 27: The Search for Laqua,The Path of the Rising Volt Tacklers,HZ080,
Season 27: The Search for Laqua,An Encounter with Entei,HZ081,
Season 27: The Search for Laqua,The Roar of the Volcano,HZ082,
Season 27: The Search for Laqua,The Secret Behind the Ancient Poké Ball,HZ083,
Season 27: The Search for Laqua,The Determination of Liko and Roy,HZ084,
Season 27: The Search for Laqua,The Search Continues,HZ085,
Season 27: The Search for Laqua,The Final Trial of Paldea,HZ086,
Season 27: The Search for Laqua,The Climax of the Search,HZ087,
Season 27: The Search for Laqua,The Awakening of the Six Heroes,HZ088,
Season 27: The Search for Laqua,"Towards the Future, Towards Laqua",HZ089,
Season 28: Rising Hope,Eyes to the Skies Once Again (Part One),HZ090,
Season 28: Rising Hope,Eyes to the Skies Once Again (Part Two),HZ091,
Season 28: Rising Hope,Following Traces of Laquium,HZ092,
Season 28: Rising Hope,Clash of the Nidothing Fans,HZ093,
Season 28: Rising Hope,The Pokémon Center Lady,HZ094,
Season 28: Rising Hope,The Strong Sphere,HZ095,
Season 28: Rising Hope,Crash! Team Dragon Rampage!,HZ096,
Season 28: Rising Hope,The Prankster,HZ097,
Season 28: Rising Hope,Reunion in Cortondo,HZ098,
Season 28: Rising Hope,"Orla, Grounded",HZ099,
Season 28: Rising Hope,We Are the Rising Volt Tacklers!,HZ100,
Season 28: Rising Hope,Terastallization vs. Mega Evolution!,HZ101,
Season 28: Rising Hope,The Knight in the Ruins,HZ102,
Season 28: Rising Hope,Nidothing Love!,HZ103,
Season 28: Rising Hope,Charcadet's Wish,HZ104,
Season 28: Rising Hope,Riding the Waves,HZ105,
Season 28: Rising Hope,The Dusk Ball That Wouldn't Open,HZ106,
Season 28: Rising Hope,"Friends As Two, Me and You",HZ107,
Season 28: Rising Hope,Taking the Next Steps,HZ108,
Season 28: Rising Hope,Tinkatuff's Hammer Wasn't Made in a Year!,HZ109,
Season 28: Rising Hope,The Six Heroes Unleashed!,HZ110,
Season 28: Rising Hope,"Better, Farther, Stronger!",HZ111,
Season 28: Rising Hope,Mega Evolution - Roy,HZ112,
Season 28: Rising Hope,Mega Evolution - Ult,HZ113,
Season 28: Rising Hope,Mega Evolution - Bonds,HZ114,
Season 28: Rising Hope,Welcome to Blueberry Academy!,HZ115,
Season 28: Rising Hope,Terarium Training!,HZ116,
Season 28: Rising Hope,Ult-imate Training,HZ117,
Season 28: Rising Hope,"Liko and Hattrem, Bonded by Happiness!",HZ118,
Season 28: Rising Hope,"Don't Give Up, Crocalor!",HZ119,
Season 28: Rising Hope,Dot and Penny's Top-Secret Mission!,HZ120,
Season 28: Rising Hope,The Catcher in the Sky,HZ121,
Season 28: Rising Hope,Roy vs. Friede: Wings of Fire!,HZ122,
Season 28: Rising Hope,Mochi Mayhem!,HZ123,
Season 28: Rising Hope,The Ancient Paradox,HZ124,
Season 28: Rising Hope,Spinel's Grand Scheme,HZ125,
Season 28: Rising Hope,The True Face of the Explorers,HZ126,
Season 28: Rising Hope,Descent into Laqua,HZ127,
Season 28: Rising Hope,The Paradise of Lucius,HZ128,
Season 28: Rising Hope,Clash at the Core,HZ129,
Season 28: Rising Hope,Unstable Lacrium Energy,HZ130,
Season 28: Rising Hope,Bonds Across Time,HZ131,
Season 28: Rising Hope,The 18 Tera Types Unleashed,HZ132,
Season 28: Rising Hope,Mega Zygarde and the Ultimate Strike,HZ133,
Season 28: Rising Hope,Spinel's Last Stand,HZ134,
Season 28: Rising Hope,"Farewell, Terapagos",HZ135,
Season 28: Rising Hope,The Stellar Finale: A New Horizon Begins,HZ136,
Movies,Detective Pikachu,LAF01,Live-Action theatrical Movies (2019); Warner Bros.
Pokémon Concierge,What's a Pokémon Concierge?,CONC01,Netflix Original stop-motion anime (2023)
Pokémon Concierge,Some Like It Hoppip,CONC02,Netflix Original stop-motion anime (2023)
Pokémon Concierge,May I Ask Who's Calling?,CONC03,Netflix Original stop-motion anime (2023)
Pokémon Concierge,You Had Me at Psyduck,CONC04,Netflix Original stop-motion anime (2023)
Pokémon: Paldean Winds,Breathe in the Wind,PW01,YouTube Exclusive; web anime tied to Scarlet/Violet (2023)
Pokémon: Paldean Winds,Into the Turbulent Air,PW02,YouTube Exclusive; web anime tied to Scarlet/Violet (2023)
Pokémon: Paldean Winds,Searching Through the Storm,PW03,YouTube Exclusive; web anime tied to Scarlet/Violet (2023)
Pokémon: Paldean Winds,"Come Out, Sun",PW04,YouTube Exclusive; web anime tied to Scarlet/Violet (2023)
Pokétoon,Pikachu's Summer Story,PKTOON01,"Japan only, Never Dubbed, YouTube Exclusive; Pokémon Kids TV channel (2020–2022)"
Pokétoon,Slowpoke's Day,PKTOON02,"Japan only, Never Dubbed, YouTube Exclusive; Pokémon Kids TV channel (2020–2022)"
Pokétoon,Wobbuffet! Wobbuffet! Wobbuffet!,PKTOON03,"Japan only, Never Dubbed, YouTube Exclusive; Pokémon Kids TV channel (2020–2022)"
Pokétoon,Snorlax's Fluffy Battle,PKTOON04,"Japan only, Never Dubbed, YouTube Exclusive; Pokémon Kids TV channel (2020–2022)"
Pokétoon,Catch Gengar if You Can!,PKTOON05,"Japan only, Never Dubbed, YouTube Exclusive; Pokémon Kids TV channel (2020–2022)"
Pokétoon,Dedenne's Secret Flower Path,PKTOON06,"Japan only, Never Dubbed, YouTube Exclusive; Pokémon Kids TV channel (2020–2022)"
Pokétoon,Pikachu & Mimikyu: A Prank at Twilight,PKTOON07,"Japan only, Never Dubbed, YouTube Exclusive; Pokémon Kids TV channel (2020–2022)"
Pokétoon,Arcanine's Flower Garden,PKTOON08,"Japan only, Never Dubbed, YouTube Exclusive; Pokémon Kids TV channel (2020–2022)"
Pokétoon,Krabby & Horsea: A Seaside Story,PKTOON09,"Japan only, Never Dubbed, YouTube Exclusive; Pokémon Kids TV channel (2020–2022)"
Pokétoon,Jigglypuff's Slumber Song,PKTOON10,"Japan only, Never Dubbed, YouTube Exclusive; Pokémon Kids TV channel (2020–2022)"
Special,Pokémon Ultimate Journeys: Recap Special,JNS01,"Japan only, Never Dubbed; recap/preview special"
Special,Pokémon: Aim to Be a Pokémon Master — Intro Special,JNS02,"Japan only, Never Dubbed; intro special for the mini-series arc"
Special,Pokémon Journeys: Ash & Go Memories Special,JNS03,"Japan only, Never Dubbed; clip/farewell special"